date,unit_sales,day_of_week,is_holiday,locale,holiday_type,dcoilwtico,oil_lag_7,month,month_name,year,is_national_holiday,before_1,before_2,after_1,cpi,min_wage,day_of_month,ALLSKY_SFC_SW_DWN,PRECTOTCORR,T2M,T2M_MAX,T2M_MIN,is_sunny,is_rainy,solar_7d
2013-01-02,582.0,Wednesday,0,,Non-holiday,93.14,,1,January,2013,0,0.0,0.0,0.0,142.6060661088859,318.0,2,11.06,1.39,16.96,22.68,12.76,0,0,11.06
2013-01-03,310.0,Thursday,0,,Non-holiday,92.97,,1,January,2013,0,0.0,1.0,0.0,142.6060661088859,318.0,3,10.07,5.78,17.28,22.8,13.33,0,1,10.565000000000001
2013-01-04,338.0,Friday,0,,Non-holiday,93.12,,1,January,2013,0,1.0,0.0,0.0,142.6060661088859,318.0,4,12.94,3.32,17.31,22.0,13.09,0,0,11.356666666666667
2013-01-05,654.0,Saturday,1,National,National,93.12,,1,January,2013,1,0.0,0.0,0.0,142.6060661088859,318.0,5,12.09,5.53,17.78,24.14,12.52,0,1,11.54
2013-01-06,979.0,Sunday,0,,Non-holiday,93.12,,1,January,2013,0,0.0,0.0,1.0,142.6060661088859,318.0,6,14.05,5.57,18.02,24.36,13.64,0,1,12.042
2013-01-07,541.0,Monday,0,,Non-holiday,93.2,,1,January,2013,0,0.0,0.0,0.0,142.6060661088859,318.0,7,14.88,0.7,18.28,24.6,14.45,0,0,12.515
2013-01-08,434.0,Tuesday,0,,Non-holiday,93.21,,1,January,2013,0,0.0,0.0,0.0,142.6060661088859,318.0,8,16.8,0.2,18.16,24.72,12.76,1,0,13.127142857142857
2013-01-09,593.0,Wednesday,0,,Non-holiday,93.08,93.14,1,January,2013,0,0.0,0.0,0.0,142.6060661088859,318.0,9,12.12,0.57,17.87,23.55,13.36,0,0,13.278571428571428
2013-01-10,700.0,Thursday,0,,Non-holiday,93.81,92.97,1,January,2013,0,0.0,1.0,0.0,142.6060661088859,318.0,10,12.59,0.96,18.05,23.35,13.76,0,0,13.638571428571428
2013-01-11,726.0,Friday,0,,Non-holiday,93.6,93.12,1,January,2013,0,1.0,0.0,0.0,142.6060661088859,318.0,11,14.97,6.92,18.21,24.28,14.05,0,1,13.928571428571429
2013-01-12,631.0,Saturday,1,National,National,93.6,93.12,1,January,2013,1,0.0,0.0,0.0,142.6060661088859,318.0,12,13.82,28.43,16.71,19.87,15.02,0,1,14.175714285714287
2013-01-13,679.0,Sunday,0,,Non-holiday,93.6,93.12,1,January,2013,0,0.0,0.0,1.0,142.6060661088859,318.0,13,15.61,8.56,17.01,20.49,14.13,1,1,14.39857142857143
2013-01-14,683.0,Monday,0,,Non-holiday,94.27,93.2,1,January,2013,0,0.0,0.0,0.0,142.6060661088859,318.0,14,18.01,2.81,16.97,20.55,14.12,1,0,14.845714285714285
2013-01-15,547.0,Tuesday,0,,Non-holiday,93.26,93.21,1,January,2013,0,0.0,0.0,0.0,142.6060661088859,318.0,15,18.21,6.27,17.51,22.75,13.83,1,1,15.047142857142857
2013-01-16,265.0,Wednesday,0,,Non-holiday,94.28,93.08,1,January,2013,0,0.0,0.0,0.0,142.6060661088859,318.0,16,15.67,10.93,16.77,20.56,14.17,1,1,15.554285714285713
2013-01-17,4.0,Thursday,0,,Non-holiday,95.49,93.81,1,January,2013,0,0.0,0.0,0.0,142.6060661088859,318.0,17,14.06,8.51,17.13,22.01,13.95,0,1,15.764285714285716
2013-01-18,60.0,Friday,0,,Non-holiday,95.61,93.6,1,January,2013,0,0.0,0.0,0.0,142.6060661088859,318.0,18,10.19,0.84,17.1,21.92,13.9,0,0,15.081428571428571
2013-01-19,667.0,Saturday,0,,Non-holiday,95.61,93.6,1,January,2013,0,0.0,0.0,0.0,142.6060661088859,318.0,19,16.88,1.95,17.2,22.34,13.66,1,0,15.518571428571429
2013-01-20,1090.0,Sunday,0,,Non-holiday,95.61,93.6,1,January,2013,0,0.0,0.0,0.0,142.6060661088859,318.0,20,16.12,1.62,17.8,24.39,12.52,1,0,15.59142857142857
2013-01-21,760.0,Monday,0,,Non-holiday,95.61,94.27,1,January,2013,0,0.0,0.0,0.0,142.6060661088859,318.0,21,14.76,0.75,17.67,21.73,14.54,0,0,15.127142857142857
2013-01-22,461.0,Tuesday,0,,Non-holiday,96.09,93.26,1,January,2013,0,0.0,0.0,0.0,142.6060661088859,318.0,22,12.95,0.62,17.19,21.05,14.23,0,0,14.375714285714286
2013-01-23,413.0,Wednesday,0,,Non-holiday,95.06,94.28,1,January,2013,0,0.0,0.0,0.0,142.6060661088859,318.0,23,11.44,1.17,17.3,22.25,13.6,0,0,13.771428571428572
2013-01-24,326.0,Thursday,0,,Non-holiday,95.35,95.49,1,January,2013,0,0.0,0.0,0.0,142.6060661088859,318.0,24,13.26,8.28,16.67,20.12,13.99,0,1,13.657142857142857
2013-01-25,389.0,Friday,0,,Non-holiday,95.15,95.61,1,January,2013,0,0.0,0.0,0.0,142.6060661088859,318.0,25,14.66,5.71,16.16,19.67,13.53,0,1,14.295714285714286
2013-01-26,697.0,Saturday,0,,Non-holiday,95.15,95.61,1,January,2013,0,0.0,0.0,0.0,142.6060661088859,318.0,26,12.27,4.57,17.29,22.68,13.74,0,0,13.637142857142857
2013-01-27,616.0,Sunday,0,,Non-holiday,95.15,95.61,1,January,2013,0,0.0,0.0,0.0,142.6060661088859,318.0,27,15.09,1.96,17.57,23.5,13.21,0,0,13.49
2013-01-28,318.0,Monday,0,,Non-holiday,95.95,95.61,1,January,2013,0,0.0,0.0,0.0,142.6060661088859,318.0,28,11.66,0.21,17.64,23.22,14.19,0,0,13.047142857142857
2013-01-29,393.0,Tuesday,0,,Non-holiday,97.62,96.09,1,January,2013,0,0.0,0.0,0.0,142.6060661088859,318.0,29,17.41,0.04,18.0,23.95,13.38,1,0,13.684285714285712
2013-01-30,487.0,Wednesday,0,,Non-holiday,97.98,95.06,1,January,2013,0,0.0,0.0,0.0,142.6060661088859,318.0,30,13.67,1.43,18.07,23.24,14.74,0,0,14.002857142857142
2013-01-31,282.0,Thursday,0,,Non-holiday,97.65,95.35,1,January,2013,0,0.0,0.0,0.0,142.6060661088859,318.0,31,13.53,0.89,17.66,23.95,13.45,0,0,14.041428571428572
2013-02-01,401.0,Friday,0,,Non-holiday,97.46,95.15,2,February,2013,0,0.0,0.0,0.0,142.6060661088859,318.0,1,13.42,6.88,16.81,21.65,14.2,0,1,13.864285714285714
2013-02-02,775.0,Saturday,0,,Non-holiday,97.46,95.15,2,February,2013,0,0.0,0.0,0.0,142.6060661088859,318.0,2,12.17,4.66,16.63,20.61,14.18,0,0,13.849999999999998
2013-02-03,855.0,Sunday,0,,Non-holiday,97.46,95.15,2,February,2013,0,0.0,0.0,0.0,142.6060661088859,318.0,3,12.02,5.81,17.32,22.66,14.03,0,1,13.411428571428571
2013-02-04,411.0,Monday,0,,Non-holiday,96.21,95.95,2,February,2013,0,0.0,0.0,0.0,142.6060661088859,318.0,4,7.23,19.05,16.03,18.73,14.47,0,1,12.778571428571427
2013-02-05,272.0,Tuesday,0,,Non-holiday,96.68,97.62,2,February,2013,0,0.0,0.0,0.0,142.6060661088859,318.0,5,10.49,5.14,16.23,18.96,14.44,0,1,11.790000000000001
2013-02-06,461.0,Wednesday,0,,Non-holiday,96.44,97.98,2,February,2013,0,0.0,0.0,0.0,142.6060661088859,318.0,6,11.3,13.85,16.73,21.47,13.91,0,1,11.45142857142857
2013-02-07,397.0,Thursday,0,,Non-holiday,95.84,97.65,2,February,2013,0,0.0,0.0,0.0,142.6060661088859,318.0,7,12.51,8.15,16.7,20.74,13.98,0,1,11.305714285714286
2013-02-08,226.0,Friday,0,,Non-holiday,95.71,97.46,2,February,2013,0,0.0,0.0,0.0,142.6060661088859,318.0,8,12.48,5.39,15.88,18.92,14.29,0,1,11.171428571428569
2013-02-09,377.0,Saturday,0,,Non-holiday,95.71,97.46,2,February,2013,0,0.0,1.0,0.0,142.6060661088859,318.0,9,11.6,5.25,15.52,18.17,13.67,0,1,11.090000000000002
2013-02-10,356.0,Sunday,0,,Non-holiday,95.71,97.46,2,February,2013,0,1.0,1.0,0.0,142.6060661088859,318.0,10,12.28,18.01,16.51,20.47,14.19,0,1,11.127142857142857
2013-02-11,407.0,Monday,1,National,National,97.01,96.21,2,February,2013,1,1.0,0.0,0.0,142.6060661088859,318.0,11,13.62,15.12,16.12,19.41,14.01,0,1,12.039999999999997
2013-02-12,469.0,Tuesday,1,National,National,97.48,96.68,2,February,2013,1,0.0,0.0,1.0,142.6060661088859,318.0,12,11.79,6.33,16.3,20.8,13.28,0,1,12.225714285714286
2013-02-13,277.0,Wednesday,0,,Non-holiday,97.03,96.44,2,February,2013,0,0.0,0.0,1.0,142.6060661088859,318.0,13,12.32,10.72,16.4,20.87,14.06,0,1,12.37142857142857
2013-02-14,280.0,Thursday,0,,Non-holiday,97.3,95.84,2,February,2013,0,0.0,0.0,0.0,142.6060661088859,318.0,14,11.61,4.19,16.47,20.8,13.8,0,0,12.242857142857142
2013-02-15,304.0,Friday,0,,Non-holiday,95.95,95.71,2,February,2013,0,0.0,0.0,0.0,142.6060661088859,318.0,15,15.21,5.6,17.3,22.5,14.27,1,1,12.632857142857144
2013-02-16,576.0,Saturday,0,,Non-holiday,95.95,95.71,2,February,2013,0,0.0,0.0,0.0,142.6060661088859,318.0,16,9.87,8.61,16.6,21.73,13.37,0,1,12.385714285714284
2013-02-17,395.0,Sunday,0,,Non-holiday,95.95,95.71,2,February,2013,0,0.0,0.0,0.0,142.6060661088859,318.0,17,9.23,8.11,15.92,20.38,13.28,0,1,11.95
2013-02-18,417.0,Monday,0,,Non-holiday,95.95,97.01,2,February,2013,0,0.0,0.0,0.0,142.6060661088859,318.0,18,13.22,3.99,16.64,20.33,13.73,0,0,11.892857142857142
2013-02-19,244.0,Tuesday,0,,Non-holiday,96.69,97.48,2,February,2013,0,0.0,0.0,0.0,142.6060661088859,318.0,19,11.17,1.38,17.17,22.52,12.45,0,0,11.804285714285713
2013-02-20,339.0,Wednesday,0,,Non-holiday,94.92,97.03,2,February,2013,0,0.0,0.0,0.0,142.6060661088859,318.0,20,11.34,0.81,17.23,22.7,12.91,0,0,11.664285714285715
2013-02-21,457.0,Thursday,0,,Non-holiday,92.79,97.3,2,February,2013,0,0.0,0.0,0.0,142.6060661088859,318.0,21,12.98,1.13,17.56,22.96,13.84,0,0,11.860000000000001
2013-02-22,186.0,Friday,0,,Non-holiday,93.12,95.95,2,February,2013,0,0.0,0.0,0.0,142.6060661088859,318.0,22,11.47,9.63,17.27,21.49,14.46,0,1,11.325714285714286
2013-02-23,497.0,Saturday,0,,Non-holiday,93.12,95.95,2,February,2013,0,0.0,0.0,0.0,142.6060661088859,318.0,23,11.85,1.73,18.11,23.25,14.69,0,0,11.608571428571427
2013-02-24,509.0,Sunday,0,,Non-holiday,93.12,95.95,2,February,2013,0,0.0,0.0,0.0,142.6060661088859,318.0,24,13.05,0.91,17.95,24.06,13.47,0,0,12.154285714285717
2013-02-25,441.0,Monday,0,,Non-holiday,92.74,95.95,2,February,2013,0,0.0,0.0,0.0,142.6060661088859,318.0,25,12.62,3.9,17.68,22.2,15.06,0,0,12.06857142857143
2013-02-26,550.0,Tuesday,0,,Non-holiday,92.63,96.69,2,February,2013,0,0.0,0.0,0.0,142.6060661088859,318.0,26,12.07,7.52,17.46,21.32,14.21,0,1,12.19714285714286
2013-02-27,388.0,Wednesday,0,,Non-holiday,92.84,94.92,2,February,2013,0,0.0,0.0,0.0,142.6060661088859,318.0,27,11.37,16.07,17.9,23.47,13.36,0,1,12.20142857142857
2013-02-28,316.0,Thursday,0,,Non-holiday,92.03,92.79,2,February,2013,0,0.0,0.0,0.0,142.6060661088859,318.0,28,13.51,3.18,17.47,22.42,14.43,0,0,12.277142857142858
2013-03-01,305.0,Friday,0,,Non-holiday,90.71,93.12,3,March,2013,0,0.0,0.0,0.0,143.231228956034,318.0,1,11.03,0.78,17.09,21.59,13.98,0,0,12.214285714285714
2013-03-02,627.0,Saturday,1,Local,Local,90.71,93.12,3,March,2013,0,0.0,0.0,0.0,143.231228956034,318.0,2,13.49,7.86,17.59,21.91,14.39,0,1,12.448571428571428
2013-03-03,853.0,Sunday,0,,Non-holiday,90.71,93.12,3,March,2013,0,0.0,0.0,0.0,143.231228956034,318.0,3,13.12,8.86,17.66,21.9,14.96,0,1,12.45857142857143
2013-03-04,554.0,Monday,0,,Non-holiday,90.13,92.74,3,March,2013,0,0.0,0.0,0.0,143.231228956034,318.0,4,12.97,7.68,17.99,24.57,13.82,0,1,12.508571428571429
2013-03-05,487.0,Tuesday,0,,Non-holiday,90.88,92.63,3,March,2013,0,0.0,0.0,0.0,143.231228956034,318.0,5,13.16,0.45,17.82,23.19,13.78,0,0,12.664285714285713
2013-03-06,458.0,Wednesday,0,,Non-holiday,90.47,92.84,3,March,2013,0,0.0,0.0,0.0,143.231228956034,318.0,6,13.31,5.41,17.69,22.9,13.9,0,1,12.941428571428572
2013-03-07,566.0,Thursday,0,,Non-holiday,91.53,92.03,3,March,2013,0,0.0,0.0,0.0,143.231228956034,318.0,7,12.81,1.87,17.98,22.49,15.19,0,0,12.84142857142857
2013-03-08,361.0,Friday,0,,Non-holiday,92.01,90.71,3,March,2013,0,0.0,0.0,0.0,143.231228956034,318.0,8,12.7,0.13,18.85,25.84,14.06,0,0,13.08
2013-03-09,549.0,Saturday,0,,Non-holiday,92.01,90.71,3,March,2013,0,0.0,0.0,0.0,143.231228956034,318.0,9,12.13,1.59,18.17,23.7,15.05,0,0,12.885714285714286
2013-03-10,591.0,Sunday,0,,Non-holiday,92.01,90.71,3,March,2013,0,0.0,0.0,0.0,143.231228956034,318.0,10,14.18,6.45,18.05,22.72,14.79,0,1,13.037142857142856
2013-03-11,296.0,Monday,0,,Non-holiday,92.07,90.13,3,March,2013,0,0.0,0.0,0.0,143.231228956034,318.0,11,14.99,4.12,18.15,22.99,14.86,0,0,13.325714285714286
2013-03-12,213.0,Tuesday,0,,Non-holiday,92.44,90.88,3,March,2013,0,0.0,0.0,0.0,143.231228956034,318.0,12,12.35,3.1,18.4,23.77,15.13,0,0,13.209999999999999
2013-03-13,620.0,Wednesday,0,,Non-holiday,92.47,90.47,3,March,2013,0,0.0,0.0,0.0,143.231228956034,318.0,13,12.99,4.79,17.85,23.25,13.75,0,0,13.164285714285715
2013-03-14,388.0,Thursday,0,,Non-holiday,93.03,91.53,3,March,2013,0,0.0,0.0,0.0,143.231228956034,318.0,14,11.67,4.53,17.54,21.44,15.24,0,0,13.001428571428571
2013-03-15,240.0,Friday,0,,Non-holiday,93.49,92.01,3,March,2013,0,0.0,0.0,0.0,143.231228956034,318.0,15,11.94,4.42,17.45,22.71,14.39,0,0,12.892857142857142
2013-03-16,779.0,Saturday,0,,Non-holiday,93.49,92.01,3,March,2013,0,0.0,0.0,0.0,143.231228956034,318.0,16,11.37,5.61,17.46,20.63,15.72,0,1,12.784285714285714
2013-03-17,695.0,Sunday,0,,Non-holiday,93.49,92.01,3,March,2013,0,0.0,0.0,0.0,143.231228956034,318.0,17,12.21,21.03,17.52,22.55,14.41,0,1,12.502857142857144
2013-03-18,465.0,Monday,0,,Non-holiday,93.71,92.07,3,March,2013,0,0.0,0.0,0.0,143.231228956034,318.0,18,9.28,11.76,16.89,19.89,15.06,0,1,11.687142857142858
2013-03-19,418.0,Tuesday,0,,Non-holiday,92.44,92.44,3,March,2013,0,0.0,0.0,0.0,143.231228956034,318.0,19,12.99,5.71,17.41,22.27,14.09,0,1,11.778571428571428
2013-03-20,522.0,Wednesday,0,,Non-holiday,93.21,92.47,3,March,2013,0,0.0,0.0,0.0,143.231228956034,318.0,20,15.07,5.65,17.59,22.13,14.06,0,1,12.075714285714286
2013-03-21,241.0,Thursday,0,,Non-holiday,92.46,93.03,3,March,2013,0,0.0,0.0,0.0,143.231228956034,318.0,21,11.81,5.41,17.17,20.81,15.3,0,1,12.095714285714285
2013-03-22,353.0,Friday,0,,Non-holiday,93.41,93.49,3,March,2013,0,0.0,0.0,0.0,143.231228956034,318.0,22,15.02,8.79,17.58,22.82,13.75,0,1,12.535714285714286
2013-03-23,544.0,Saturday,0,,Non-holiday,93.41,93.49,3,March,2013,0,0.0,0.0,0.0,143.231228956034,318.0,23,14.37,0.85,17.62,22.15,15.1,0,0,12.964285714285714
2013-03-24,529.0,Sunday,0,,Non-holiday,93.41,93.49,3,March,2013,0,0.0,0.0,0.0,143.231228956034,318.0,24,16.03,8.42,17.45,22.38,14.53,1,1,13.51
2013-03-25,413.0,Monday,0,,Non-holiday,94.55,93.71,3,March,2013,0,0.0,0.0,0.0,143.231228956034,318.0,25,16.17,6.44,18.15,23.28,15.34,1,1,14.494285714285713
2013-03-26,300.0,Tuesday,0,,Non-holiday,95.99,92.44,3,March,2013,0,0.0,0.0,0.0,143.231228956034,318.0,26,11.06,2.34,17.03,20.32,15.12,0,0,14.218571428571428
2013-03-27,353.0,Wednesday,0,,Non-holiday,96.53,93.21,3,March,2013,0,0.0,0.0,0.0,143.231228956034,318.0,27,14.03,0.86,17.42,22.76,14.42,0,0,14.070000000000002
2013-03-28,594.0,Thursday,0,,Non-holiday,97.24,92.46,3,March,2013,0,0.0,0.0,0.0,143.231228956034,318.0,28,14.88,2.14,17.3,22.15,14.12,0,0,14.508571428571429
2013-03-29,575.0,Friday,0,,Non-holiday,97.24,93.41,3,March,2013,0,0.0,0.0,0.0,143.231228956034,318.0,29,14.13,1.21,17.96,22.87,14.54,0,0,14.381428571428572
2013-03-30,577.0,Saturday,0,,Non-holiday,97.24,93.41,3,March,2013,0,0.0,0.0,0.0,143.231228956034,318.0,30,13.52,0.43,17.73,23.07,13.53,0,0,14.260000000000002
2013-03-31,643.0,Sunday,0,,Non-holiday,97.24,93.41,3,March,2013,0,0.0,0.0,0.0,143.231228956034,318.0,31,14.26,6.59,18.72,25.31,13.62,0,1,14.007142857142858
2013-04-01,431.0,Monday,1,Regional,Regional,97.1,94.55,4,April,2013,0,0.0,0.0,0.0,143.4876220629186,318.0,1,10.72,2.88,18.59,23.93,13.77,0,0,13.22857142857143
2013-04-02,527.0,Tuesday,0,,Non-holiday,97.23,95.99,4,April,2013,0,0.0,0.0,0.0,143.4876220629186,318.0,2,10.88,0.6,18.04,21.94,14.84,0,0,13.202857142857143
2013-04-03,463.0,Wednesday,0,,Non-holiday,95.02,96.53,4,April,2013,0,0.0,0.0,0.0,143.4876220629186,318.0,3,14.56,1.24,18.69,24.9,14.74,0,0,13.278571428571428
2013-04-04,305.0,Thursday,0,,Non-holiday,93.26,97.24,4,April,2013,0,0.0,0.0,0.0,143.4876220629186,318.0,4,9.73,1.05,17.38,21.34,13.69,0,0,12.542857142857144
2013-04-05,415.0,Friday,0,,Non-holiday,92.76,97.24,4,April,2013,0,0.0,0.0,0.0,143.4876220629186,318.0,5,14.27,1.16,18.02,23.15,14.96,0,0,12.562857142857142
2013-04-06,972.0,Saturday,0,,Non-holiday,92.76,97.24,4,April,2013,0,0.0,0.0,0.0,143.4876220629186,318.0,6,13.4,2.2,18.14,22.92,15.59,0,0,12.545714285714286
2013-04-07,936.0,Sunday,0,,Non-holiday,92.76,97.24,4,April,2013,0,0.0,0.0,0.0,143.4876220629186,318.0,7,9.25,2.27,18.52,23.85,15.07,0,0,11.83
2013-04-08,369.0,Monday,0,,Non-holiday,93.36,97.1,4,April,2013,0,0.0,0.0,0.0,143.4876220629186,318.0,8,11.64,2.98,17.97,24.11,14.25,0,0,11.961428571428572
2013-04-09,458.0,Tuesday,0,,Non-holiday,94.18,97.23,4,April,2013,0,0.0,0.0,0.0,143.4876220629186,318.0,9,13.55,3.99,18.02,24.79,13.15,0,0,12.342857142857143
2013-04-10,386.0,Wednesday,0,,Non-holiday,94.59,95.02,4,April,2013,0,0.0,0.0,0.0,143.4876220629186,318.0,10,15.57,6.49,17.86,22.93,13.8,1,1,12.487142857142857
2013-04-11,235.0,Thursday,0,,Non-holiday,93.44,93.26,4,April,2013,0,0.0,0.0,0.0,143.4876220629186,318.0,11,15.46,4.06,18.35,23.15,15.4,1,0,13.305714285714286
2013-04-12,358.0,Friday,1,Local,Local,91.23,92.76,4,April,2013,0,0.0,0.0,0.0,143.4876220629186,318.0,12,13.56,1.64,18.94,24.58,15.04,0,0,13.204285714285716
2013-04-13,789.0,Saturday,0,,Non-holiday,91.23,92.76,4,April,2013,0,0.0,0.0,0.0,143.4876220629186,318.0,13,11.26,2.9,18.34,24.73,14.9,0,0,12.898571428571428
2013-04-14,506.0,Sunday,1,Local,Local,91.23,92.76,4,April,2013,0,0.0,0.0,0.0,143.4876220629186,318.0,14,12.41,2.83,17.34,21.55,15.12,0,0,13.35
2013-04-15,413.0,Monday,0,,Non-holiday,88.75,93.36,4,April,2013,0,0.0,0.0,0.0,143.4876220629186,318.0,15,13.49,3.86,18.6,24.58,14.69,0,0,13.614285714285714
2013-04-16,372.0,Tuesday,0,,Non-holiday,88.73,94.18,4,April,2013,0,0.0,0.0,0.0,143.4876220629186,318.0,16,15.28,10.31,18.27,24.18,14.3,1,1,13.861428571428572
2013-04-17,400.0,Wednesday,0,,Non-holiday,86.65,94.59,4,April,2013,0,0.0,0.0,0.0,143.4876220629186,318.0,17,12.69,3.08,18.1,23.51,14.43,0,0,13.450000000000001
2013-04-18,283.0,Thursday,0,,Non-holiday,87.83,93.44,4,April,2013,0,0.0,0.0,0.0,143.4876220629186,318.0,18,12.48,2.95,17.33,21.19,15.44,0,0,13.024285714285714
2013-04-19,376.0,Friday,0,,Non-holiday,88.04,91.23,4,April,2013,0,0.0,0.0,0.0,143.4876220629186,318.0,19,14.72,24.7,17.13,20.93,15.09,0,1,13.19
2013-04-20,647.0,Saturday,0,,Non-holiday,88.04,91.23,4,April,2013,0,0.0,0.0,0.0,143.4876220629186,318.0,20,13.24,10.77,17.24,21.49,14.94,0,1,13.472857142857142
2013-04-21,683.0,Sunday,1,Local,Local,88.04,91.23,4,April,2013,0,0.0,0.0,0.0,143.4876220629186,318.0,21,14.53,16.37,16.81,19.87,14.65,0,1,13.775714285714285
2013-04-22,408.0,Monday,0,,Non-holiday,88.81,88.75,4,April,2013,0,0.0,0.0,0.0,143.4876220629186,318.0,22,14.38,7.79,16.72,20.13,14.27,0,1,13.902857142857142
2013-04-23,400.0,Tuesday,0,,Non-holiday,89.21,88.73,4,April,2013,0,0.0,0.0,0.0,143.4876220629186,318.0,23,11.97,6.34,17.01,19.78,15.0,0,1,13.430000000000001
2013-04-24,493.0,Wednesday,0,,Non-holiday,91.07,86.65,4,April,2013,0,0.0,0.0,0.0,143.4876220629186,318.0,24,25.11,0.43,18.25,25.21,12.09,1,0,15.204285714285716
2013-04-25,219.0,Thursday,0,,Non-holiday,93.27,87.83,4,April,2013,0,0.0,0.0,0.0,143.4876220629186,318.0,25,24.67,5.89,17.88,23.21,14.16,1,1,16.945714285714285
2013-04-26,491.0,Friday,0,,Non-holiday,92.63,88.04,4,April,2013,0,0.0,0.0,0.0,143.4876220629186,318.0,26,22.53,1.11,17.77,22.54,14.6,1,0,18.06142857142857
2013-04-27,755.0,Saturday,0,,Non-holiday,92.63,88.04,4,April,2013,0,0.0,1.0,0.0,143.4876220629186,318.0,27,17.91,2.87,17.08,21.16,14.42,1,0,18.728571428571428
2013-04-28,719.0,Sunday,0,,Non-holiday,92.63,88.04,4,April,2013,0,1.0,0.0,0.0,143.4876220629186,318.0,28,17.68,0.99,17.13,22.37,13.73,1,0,19.178571428571427
2013-04-29,411.0,Monday,1,National,National,94.09,88.81,4,April,2013,1,0.0,1.0,0.0,143.4876220629186,318.0,29,13.24,8.46,17.53,22.7,14.09,0,1,19.01571428571429
2013-04-30,369.0,Tuesday,0,,Non-holiday,93.22,89.21,4,April,2013,0,1.0,0.0,1.0,143.4876220629186,318.0,30,15.63,1.31,18.17,24.42,14.07,1,0,19.538571428571426
2013-05-01,705.0,Wednesday,1,National,National,90.74,91.07,5,May,2013,1,0.0,0.0,0.0,143.1749649592001,318.0,1,15.25,11.61,17.34,22.7,13.22,1,1,18.130000000000003
2013-05-02,327.0,Thursday,0,,Non-holiday,93.7,93.27,5,May,2013,0,0.0,0.0,1.0,143.1749649592001,318.0,2,15.23,7.18,17.21,20.76,14.49,1,1,16.781428571428574
2013-05-03,350.0,Friday,0,,Non-holiday,95.25,92.63,5,May,2013,0,0.0,0.0,0.0,143.1749649592001,318.0,3,12.89,7.83,17.82,22.8,14.87,0,1,15.404285714285715
2013-05-04,774.0,Saturday,0,,Non-holiday,95.25,92.63,5,May,2013,0,0.0,0.0,0.0,143.1749649592001,318.0,4,16.71,17.88,17.55,22.61,15.05,1,1,15.232857142857142
2013-05-05,715.0,Sunday,0,,Non-holiday,95.25,92.63,5,May,2013,0,0.0,0.0,0.0,143.1749649592001,318.0,5,14.34,14.81,17.05,21.71,14.32,0,1,14.755714285714287
2013-05-06,416.0,Monday,0,,Non-holiday,95.8,94.09,5,May,2013,0,0.0,0.0,0.0,143.1749649592001,318.0,6,11.12,8.73,17.28,21.8,14.4,0,1,14.452857142857143
2013-05-07,351.0,Tuesday,0,,Non-holiday,95.28,93.22,5,May,2013,0,0.0,0.0,0.0,143.1749649592001,318.0,7,10.97,8.43,17.42,22.18,14.56,0,1,13.787142857142857
2013-05-08,418.0,Wednesday,0,,Non-holiday,96.24,90.74,5,May,2013,0,0.0,0.0,0.0,143.1749649592001,318.0,8,14.19,3.72,17.45,22.33,14.65,0,0,13.635714285714286
2013-05-09,323.0,Thursday,0,,Non-holiday,96.09,93.7,5,May,2013,0,0.0,1.0,0.0,143.1749649592001,318.0,9,12.21,1.83,16.71,20.93,13.77,0,0,13.204285714285714
2013-05-10,318.0,Friday,0,,Non-holiday,95.81,95.25,5,May,2013,0,1.0,0.0,0.0,143.1749649592001,318.0,10,14.64,2.96,17.54,22.81,14.08,0,0,13.454285714285714
2013-05-11,666.0,Saturday,1,National,National,95.81,95.25,5,May,2013,1,0.0,1.0,0.0,143.1749649592001,318.0,11,14.39,2.41,17.4,22.66,13.87,0,0,13.122857142857143
2013-05-12,548.0,Sunday,1,Local,Local,95.81,95.25,5,May,2013,0,1.0,0.0,1.0,143.1749649592001,318.0,12,12.12,0.72,17.91,23.89,13.71,0,0,12.805714285714286
2013-05-13,331.0,Monday,0,,Non-holiday,94.76,95.28,5,May,2013,0,0.0,0.0,1.0,143.1749649592001,318.0,13,11.85,1.45,17.51,23.38,12.7,0,0,12.909999999999998
2013-05-14,409.0,Tuesday,0,,Non-holiday,93.96,96.24,5,May,2013,0,0.0,0.0,0.0,143.1749649592001,318.0,14,11.53,1.94,17.4,23.17,12.9,0,0,12.989999999999998
2013-05-15,471.0,Wednesday,0,,Non-holiday,93.95,96.09,5,May,2013,0,0.0,0.0,0.0,143.1749649592001,318.0,15,10.16,2.3,16.93,21.92,13.5,0,0,12.414285714285715
2013-05-16,252.0,Thursday,0,,Non-holiday,94.85,95.81,5,May,2013,0,0.0,0.0,0.0,143.1749649592001,318.0,16,9.79,2.7,17.0,22.33,14.21,0,0,12.06857142857143
2013-05-17,423.0,Friday,0,,Non-holiday,95.72,95.81,5,May,2013,0,0.0,0.0,0.0,143.1749649592001,318.0,17,13.73,1.6,17.48,22.95,13.82,0,0,11.93857142857143
2013-05-18,600.0,Saturday,0,,Non-holiday,95.72,95.81,5,May,2013,0,0.0,0.0,0.0,143.1749649592001,318.0,18,14.45,0.61,18.1,24.44,13.57,0,0,11.947142857142856
2013-05-19,758.0,Sunday,0,,Non-holiday,95.72,95.81,5,May,2013,0,0.0,0.0,0.0,143.1749649592001,318.0,19,12.8,1.14,17.94,23.98,13.93,0,0,12.044285714285715
2013-05-20,399.0,Monday,0,,Non-holiday,96.29,94.76,5,May,2013,0,0.0,0.0,0.0,143.1749649592001,318.0,20,10.75,4.91,16.97,20.84,14.21,0,0,11.887142857142859
2013-05-21,444.0,Tuesday,0,,Non-holiday,95.55,93.96,5,May,2013,0,0.0,0.0,0.0,143.1749649592001,318.0,21,10.37,8.95,17.03,22.36,13.51,0,1,11.721428571428572
2013-05-22,455.0,Wednesday,0,,Non-holiday,93.98,93.95,5,May,2013,0,0.0,1.0,0.0,143.1749649592001,318.0,22,12.45,1.05,17.11,22.29,14.44,0,0,12.048571428571426
2013-05-23,372.0,Thursday,0,,Non-holiday,94.12,94.85,5,May,2013,0,1.0,0.0,0.0,143.1749649592001,318.0,23,14.61,1.33,17.47,23.62,13.51,0,0,12.737142857142857
2013-05-24,532.0,Friday,1,National,National,93.84,95.72,5,May,2013,1,0.0,0.0,0.0,143.1749649592001,318.0,24,12.87,7.53,17.68,23.43,13.08,0,1,12.614285714285714
2013-05-25,392.0,Saturday,0,,Non-holiday,93.84,95.72,5,May,2013,0,0.0,0.0,1.0,143.1749649592001,318.0,25,13.21,3.8,17.63,23.65,12.85,0,0,12.437142857142856
2013-05-26,532.0,Sunday,0,,Non-holiday,93.84,95.72,5,May,2013,0,0.0,0.0,0.0,143.1749649592001,318.0,26,10.55,5.54,17.2,22.86,14.12,0,1,12.115714285714287
2013-05-27,291.0,Monday,0,,Non-holiday,93.84,96.29,5,May,2013,0,0.0,0.0,0.0,143.1749649592001,318.0,27,13.56,6.7,17.15,22.38,14.1,0,1,12.517142857142856
2013-05-28,293.0,Tuesday,0,,Non-holiday,94.65,95.55,5,May,2013,0,0.0,0.0,0.0,143.1749649592001,318.0,28,11.67,2.97,17.1,22.38,13.84,0,0,12.702857142857143
2013-05-29,420.0,Wednesday,0,,Non-holiday,93.13,93.98,5,May,2013,0,0.0,0.0,0.0,143.1749649592001,318.0,29,12.92,6.32,16.81,20.99,14.51,0,1,12.77
2013-05-30,271.0,Thursday,0,,Non-holiday,93.57,94.12,5,May,2013,0,0.0,0.0,0.0,143.1749649592001,318.0,30,11.59,12.43,16.84,22.56,13.69,0,1,12.338571428571429
2013-05-31,488.0,Friday,0,,Non-holiday,91.93,93.84,5,May,2013,0,0.0,0.0,0.0,143.1749649592001,318.0,31,11.11,1.08,16.75,21.87,13.13,0,0,12.087142857142856
2013-06-01,777.0,Saturday,0,,Non-holiday,91.93,93.84,6,June,2013,0,0.0,0.0,0.0,142.9676621230357,318.0,1,15.43,1.34,17.61,23.15,14.38,1,0,12.404285714285715
2013-06-02,656.0,Sunday,0,,Non-holiday,91.93,93.84,6,June,2013,0,0.0,0.0,0.0,142.9676621230357,318.0,2,17.23,1.62,18.09,24.79,13.14,1,0,13.358571428571429
2013-06-03,462.0,Monday,0,,Non-holiday,93.41,93.84,6,June,2013,0,0.0,0.0,0.0,142.9676621230357,318.0,3,14.74,3.13,17.59,24.88,12.62,0,0,13.527142857142858
2013-06-04,370.0,Tuesday,0,,Non-holiday,93.36,94.65,6,June,2013,0,0.0,0.0,0.0,142.9676621230357,318.0,4,12.63,0.96,17.05,24.42,11.5,0,0,13.664285714285715
2013-06-05,459.0,Wednesday,0,,Non-holiday,93.66,93.13,6,June,2013,0,0.0,0.0,0.0,142.9676621230357,318.0,5,13.02,0.22,17.0,24.59,11.86,0,0,13.678571428571429
2013-06-06,280.0,Thursday,0,,Non-holiday,94.71,93.57,6,June,2013,0,0.0,0.0,0.0,142.9676621230357,318.0,6,16.77,2.94,16.7,23.95,10.99,1,0,14.418571428571427
2013-06-07,466.0,Friday,0,,Non-holiday,96.11,91.93,6,June,2013,0,0.0,0.0,0.0,142.9676621230357,318.0,7,14.12,0.94,17.24,24.36,11.8,0,0,14.848571428571429
2013-06-08,904.0,Saturday,0,,Non-holiday,96.11,91.93,6,June,2013,0,0.0,0.0,0.0,142.9676621230357,318.0,8,15.23,1.25,17.15,23.94,11.66,1,0,14.820000000000002
2013-06-09,794.0,Sunday,0,,Non-holiday,96.11,91.93,6,June,2013,0,0.0,0.0,0.0,142.9676621230357,318.0,9,13.16,1.12,17.51,24.66,12.24,0,0,14.23857142857143
2013-06-10,511.0,Monday,0,,Non-holiday,95.82,93.41,6,June,2013,0,0.0,0.0,0.0,142.9676621230357,318.0,10,14.63,0.46,17.32,24.71,11.31,0,0,14.222857142857142
2013-06-11,305.0,Tuesday,0,,Non-holiday,95.5,93.36,6,June,2013,0,0.0,0.0,0.0,142.9676621230357,318.0,11,12.32,0.44,17.28,23.31,12.42,0,0,14.178571428571429
2013-06-12,475.0,Wednesday,0,,Non-holiday,95.98,93.66,6,June,2013,0,0.0,0.0,0.0,142.9676621230357,318.0,12,12.64,0.2,17.35,24.25,12.07,0,0,14.124285714285715
2013-06-13,406.0,Thursday,0,,Non-holiday,96.66,94.71,6,June,2013,0,0.0,0.0,0.0,142.9676621230357,318.0,13,16.68,0.59,17.67,24.92,11.94,1,0,14.111428571428572
2013-06-14,470.0,Friday,0,,Non-holiday,97.83,96.11,6,June,2013,0,0.0,0.0,0.0,142.9676621230357,318.0,14,11.84,0.51,17.75,24.43,13.46,0,0,13.785714285714286
2013-06-15,747.0,Saturday,0,,Non-holiday,97.83,96.11,6,June,2013,0,0.0,0.0,0.0,142.9676621230357,318.0,15,14.86,0.09,18.24,25.21,13.74,0,0,13.732857142857142
2013-06-16,481.0,Sunday,0,,Non-holiday,97.83,96.11,6,June,2013,0,0.0,0.0,0.0,142.9676621230357,318.0,16,13.32,0.02,17.93,24.63,12.78,0,0,13.755714285714285
2013-06-17,424.0,Monday,0,,Non-holiday,97.86,95.82,6,June,2013,0,0.0,0.0,0.0,142.9676621230357,318.0,17,16.98,0.37,18.03,25.22,11.96,1,0,14.09142857142857
2013-06-18,560.0,Tuesday,0,,Non-holiday,98.46,95.5,6,June,2013,0,0.0,0.0,0.0,142.9676621230357,318.0,18,14.34,0.23,17.81,24.51,12.77,0,0,14.379999999999999
2013-06-19,361.0,Wednesday,0,,Non-holiday,98.24,95.98,6,June,2013,0,0.0,0.0,0.0,142.9676621230357,318.0,19,13.0,0.62,17.81,24.74,12.48,0,0,14.43142857142857
2013-06-20,335.0,Thursday,0,,Non-holiday,94.89,96.66,6,June,2013,0,0.0,0.0,0.0,142.9676621230357,318.0,20,13.47,0.38,17.48,24.87,12.61,0,0,13.972857142857142
2013-06-21,473.0,Friday,0,,Non-holiday,93.81,97.83,6,June,2013,0,0.0,0.0,0.0,142.9676621230357,318.0,21,15.81,0.52,17.33,25.14,10.85,1,0,14.540000000000001
2013-06-22,502.0,Saturday,0,,Non-holiday,93.81,97.83,6,June,2013,0,0.0,0.0,0.0,142.9676621230357,318.0,22,16.42,0.21,17.65,25.05,11.99,1,0,14.762857142857143
2013-06-23,770.0,Sunday,1,Local,Local,93.81,97.83,6,June,2013,0,0.0,0.0,0.0,142.9676621230357,318.0,23,15.77,0.66,17.16,22.89,12.31,1,0,15.112857142857143
2013-06-24,484.0,Monday,0,,Non-holiday,95.07,97.86,6,June,2013,0,0.0,0.0,0.0,142.9676621230357,318.0,24,13.22,0.6,17.51,24.01,13.41,0,0,14.575714285714286
2013-06-25,345.0,Tuesday,1,Regional,Regional,95.25,98.46,6,June,2013,0,0.0,0.0,0.0,142.9676621230357,318.0,25,16.29,0.26,17.45,23.7,13.16,1,0,14.854285714285714
2013-06-26,555.0,Wednesday,0,,Non-holiday,95.47,93.81,6,June,2013,0,0.0,0.0,0.0,142.9676621230357,318.0,26,15.69,0.03,17.31,23.92,12.53,1,0,15.23857142857143
2013-06-27,352.0,Thursday,0,,Non-holiday,97.0,93.81,6,June,2013,0,0.0,0.0,0.0,142.9676621230357,318.0,27,11.9,0.26,17.03,23.44,12.16,0,0,15.014285714285716
2013-06-28,374.0,Friday,0,,Non-holiday,96.36,93.81,6,June,2013,0,0.0,0.0,0.0,142.9676621230357,318.0,28,16.17,0.99,17.68,26.17,12.26,1,0,15.065714285714288
2013-06-29,489.0,Saturday,0,,Non-holiday,96.36,95.07,6,June,2013,0,0.0,0.0,0.0,142.9676621230357,318.0,29,15.4,0.7,17.19,24.4,12.02,1,0,14.92
2013-06-30,669.0,Sunday,0,,Non-holiday,96.36,95.25,6,June,2013,0,0.0,0.0,0.0,142.9676621230357,318.0,30,9.41,0.84,16.07,21.64,12.14,0,0,14.011428571428572
2013-07-01,422.0,Monday,0,,Non-holiday,97.94,95.25,7,July,2013,0,0.0,0.0,0.0,142.9409838792261,318.0,1,15.14,1.54,16.82,22.76,12.76,1,0,14.285714285714288
2013-07-02,421.0,Tuesday,0,,Non-holiday,99.65,95.25,7,July,2013,0,0.0,0.0,0.0,142.9409838792261,318.0,2,11.9,0.72,16.97,23.4,12.72,0,0,13.65857142857143
2013-07-03,510.0,Wednesday,1,Local,Local,101.92,95.47,7,July,2013,0,0.0,0.0,0.0,142.9409838792261,318.0,3,9.93,0.42,16.52,23.42,11.5,0,0,12.835714285714287
2013-07-04,463.0,Thursday,0,,Non-holiday,101.92,96.36,7,July,2013,0,0.0,0.0,0.0,142.9409838792261,318.0,4,15.06,0.7,16.53,23.18,12.05,0,0,13.287142857142857
2013-07-05,439.0,Friday,0,,Non-holiday,103.09,96.36,7,July,2013,0,0.0,0.0,0.0,142.9409838792261,318.0,5,12.3,4.11,17.25,24.39,12.18,0,0,12.734285714285715
2013-07-06,590.0,Saturday,0,,Non-holiday,103.09,96.36,7,July,2013,0,0.0,0.0,0.0,142.9409838792261,318.0,6,12.51,0.36,17.5,24.52,13.07,0,0,12.321428571428571
2013-07-07,665.0,Sunday,0,,Non-holiday,103.09,97.94,7,July,2013,0,0.0,0.0,0.0,142.9409838792261,318.0,7,14.23,3.3,17.24,24.17,11.76,0,0,13.01
2013-07-08,265.0,Monday,0,,Non-holiday,103.03,99.65,7,July,2013,0,0.0,0.0,0.0,142.9409838792261,318.0,8,13.65,1.57,17.26,23.72,12.94,0,0,12.797142857142857
2013-07-09,393.0,Tuesday,0,,Non-holiday,103.46,101.92,7,July,2013,0,0.0,0.0,0.0,142.9409838792261,318.0,9,12.49,1.33,17.07,24.64,10.92,0,0,12.881428571428572
2013-07-10,550.0,Wednesday,0,,Non-holiday,106.41,101.92,7,July,2013,0,0.0,0.0,0.0,142.9409838792261,318.0,10,7.95,0.25,16.88,23.69,12.32,0,0,12.598571428571429
2013-07-11,262.0,Thursday,0,,Non-holiday,104.77,101.92,7,July,2013,0,0.0,0.0,0.0,142.9409838792261,318.0,11,12.22,0.27,17.33,24.17,12.93,0,0,12.192857142857141
2013-07-12,397.0,Friday,0,,Non-holiday,105.85,103.09,7,July,2013,0,0.0,0.0,0.0,142.9409838792261,318.0,12,12.5,0.07,16.71,23.21,11.67,0,0,12.221428571428572
2013-07-13,466.0,Saturday,0,,Non-holiday,105.85,103.09,7,July,2013,0,0.0,0.0,0.0,142.9409838792261,318.0,13,13.4,0.13,17.23,23.56,11.77,0,0,12.348571428571429
2013-07-14,449.0,Sunday,0,,Non-holiday,105.85,103.09,7,July,2013,0,0.0,0.0,0.0,142.9409838792261,318.0,14,14.36,0.43,17.13,23.56,11.33,0,0,12.367142857142857
2013-07-15,484.0,Monday,0,,Non-holiday,106.2,103.03,7,July,2013,0,0.0,0.0,0.0,142.9409838792261,318.0,15,14.88,0.54,17.75,25.28,11.92,0,0,12.542857142857143
2013-07-16,443.0,Tuesday,0,,Non-holiday,105.88,103.46,7,July,2013,0,0.0,0.0,0.0,142.9409838792261,318.0,16,13.25,1.17,17.58,24.84,11.98,0,0,12.651428571428571
2013-07-17,469.0,Wednesday,0,,Non-holiday,106.39,106.41,7,July,2013,0,0.0,0.0,0.0,142.9409838792261,318.0,17,12.48,0.78,17.21,24.28,11.92,0,0,13.29857142857143
2013-07-18,292.0,Thursday,0,,Non-holiday,107.94,104.77,7,July,2013,0,0.0,0.0,0.0,142.9409838792261,318.0,18,13.61,0.18,17.42,24.5,11.77,0,0,13.497142857142858
2013-07-19,278.0,Friday,0,,Non-holiday,108.0,105.85,7,July,2013,0,0.0,0.0,0.0,142.9409838792261,318.0,19,13.15,0.4,17.36,24.64,12.4,0,0,13.590000000000002
2013-07-20,605.0,Saturday,0,,Non-holiday,108.0,105.85,7,July,2013,0,0.0,0.0,0.0,142.9409838792261,318.0,20,16.49,0.18,17.0,24.21,11.57,1,0,14.031428571428572
2013-07-21,817.0,Sunday,0,,Non-holiday,108.0,105.85,7,July,2013,0,0.0,0.0,0.0,142.9409838792261,318.0,21,14.96,0.07,17.26,24.98,11.58,0,0,14.117142857142856
2013-07-22,295.0,Monday,0,,Non-holiday,106.61,106.2,7,July,2013,0,0.0,0.0,0.0,142.9409838792261,318.0,22,15.47,0.25,17.3,24.82,12.21,1,0,14.201428571428574
2013-07-23,470.0,Tuesday,1,Local,Local,107.13,105.88,7,July,2013,0,0.0,0.0,0.0,142.9409838792261,318.0,23,15.12,0.26,17.44,24.32,12.56,0,0,14.468571428571428
2013-07-24,431.0,Wednesday,1,Local,Local,105.41,106.39,7,July,2013,0,0.0,0.0,0.0,142.9409838792261,318.0,24,16.6,0.26,17.93,25.6,12.73,1,0,15.057142857142859
2013-07-25,282.0,Thursday,1,Local,Local,105.47,107.94,7,July,2013,0,0.0,0.0,0.0,142.9409838792261,318.0,25,13.56,1.51,17.29,23.19,13.44,0,0,15.05
2013-07-26,596.0,Friday,0,,Non-holiday,104.76,108.0,7,July,2013,0,0.0,0.0,0.0,142.9409838792261,318.0,26,16.76,0.11,17.57,25.33,12.11,1,0,15.565714285714288
2013-07-27,548.0,Saturday,0,,Non-holiday,104.76,108.0,7,July,2013,0,0.0,0.0,0.0,142.9409838792261,318.0,27,18.0,0.0,17.71,25.69,11.94,1,0,15.781428571428572
2013-07-28,700.0,Sunday,0,,Non-holiday,104.76,108.0,7,July,2013,0,0.0,0.0,0.0,142.9409838792261,318.0,28,18.38,0.7,17.14,24.85,11.3,1,0,16.27
2013-07-29,414.0,Monday,0,,Non-holiday,104.61,106.61,7,July,2013,0,0.0,0.0,0.0,142.9409838792261,318.0,29,14.42,0.84,17.13,24.72,11.66,0,0,16.12
2013-07-30,353.0,Tuesday,0,,Non-holiday,103.14,107.13,7,July,2013,0,0.0,0.0,0.0,142.9409838792261,318.0,30,15.09,0.48,17.11,25.24,10.9,0,0,16.115714285714287
2013-07-31,570.0,Wednesday,0,,Non-holiday,105.1,105.41,7,July,2013,0,0.0,0.0,0.0,142.9409838792261,318.0,31,12.04,0.31,16.94,23.25,11.64,0,0,15.464285714285714
2013-08-01,462.0,Thursday,0,,Non-holiday,107.93,105.47,8,August,2013,0,0.0,0.0,0.0,143.1891164828679,318.0,1,13.99,0.28,17.17,23.4,12.56,0,0,15.525714285714285
2013-08-02,464.0,Friday,0,,Non-holiday,106.94,104.76,8,August,2013,0,0.0,0.0,0.0,143.1891164828679,318.0,2,14.74,0.73,17.39,24.21,12.09,0,0,15.237142857142857
2013-08-03,657.0,Saturday,0,,Non-holiday,106.94,104.76,8,August,2013,0,0.0,0.0,0.0,143.1891164828679,318.0,3,12.63,0.95,17.11,23.79,12.9,0,0,14.469999999999999
2013-08-04,681.0,Sunday,0,,Non-holiday,106.94,104.76,8,August,2013,0,0.0,0.0,0.0,143.1891164828679,318.0,4,18.36,0.23,17.69,25.07,12.39,1,0,14.467142857142857
2013-08-05,461.0,Monday,1,Local,Local,106.61,104.61,8,August,2013,0,0.0,0.0,0.0,143.1891164828679,318.0,5,18.17,0.94,17.68,25.1,11.58,1,0,15.002857142857142
2013-08-06,328.0,Tuesday,0,,Non-holiday,105.32,103.14,8,August,2013,0,0.0,0.0,0.0,143.1891164828679,318.0,6,13.46,0.39,17.43,24.57,12.05,0,0,14.770000000000001
2013-08-07,403.0,Wednesday,0,,Non-holiday,104.41,105.1,8,August,2013,0,0.0,0.0,0.0,143.1891164828679,318.0,7,13.69,0.21,17.35,24.5,12.14,0,0,15.005714285714287
2013-08-08,360.0,Thursday,0,,Non-holiday,103.45,107.93,8,August,2013,0,0.0,1.0,0.0,143.1891164828679,318.0,8,13.63,0.16,16.86,22.79,12.29,0,0,14.954285714285716
2013-08-09,347.0,Friday,0,,Non-holiday,106.04,106.94,8,August,2013,0,1.0,0.0,0.0,143.1891164828679,318.0,9,17.54,0.99,17.33,22.59,14.06,1,0,15.354285714285712
2013-08-10,570.0,Saturday,1,National,National,106.04,106.94,8,August,2013,1,0.0,0.0,0.0,143.1891164828679,318.0,10,11.43,0.6,16.74,22.08,13.56,0,0,15.182857142857143
2013-08-11,662.0,Sunday,0,,Non-holiday,106.04,106.94,8,August,2013,0,0.0,0.0,1.0,143.1891164828679,318.0,11,14.48,3.32,17.04,23.25,12.75,0,0,14.62857142857143
2013-08-12,423.0,Monday,0,,Non-holiday,106.19,106.61,8,August,2013,0,0.0,0.0,0.0,143.1891164828679,318.0,12,17.29,0.99,17.46,23.4,13.77,1,0,14.502857142857142
2013-08-13,405.0,Tuesday,0,,Non-holiday,106.78,105.32,8,August,2013,0,0.0,0.0,0.0,143.1891164828679,318.0,13,15.91,0.56,17.69,24.32,13.58,1,0,14.852857142857143
2013-08-14,454.0,Wednesday,0,,Non-holiday,106.89,104.41,8,August,2013,0,0.0,0.0,0.0,143.1891164828679,318.0,14,12.88,3.21,17.07,22.88,13.01,0,0,14.737142857142857
2013-08-15,339.0,Thursday,1,Local,Local,107.43,103.45,8,August,2013,0,0.0,0.0,0.0,143.1891164828679,318.0,15,12.86,1.23,17.76,24.89,13.39,0,0,14.627142857142857
2013-08-16,469.0,Friday,0,,Non-holiday,107.58,106.04,8,August,2013,0,0.0,0.0,0.0,143.1891164828679,318.0,16,15.52,0.05,17.82,25.43,12.79,1,0,14.338571428571427
2013-08-17,495.0,Saturday,0,,Non-holiday,107.58,106.04,8,August,2013,0,0.0,0.0,0.0,143.1891164828679,318.0,17,12.51,0.05,17.55,24.6,11.83,0,0,14.492857142857144
2013-08-18,681.0,Sunday,0,,Non-holiday,107.58,106.04,8,August,2013,0,0.0,0.0,0.0,143.1891164828679,318.0,18,11.75,0.01,17.13,23.44,12.0,0,0,14.102857142857143
2013-08-19,376.0,Monday,0,,Non-holiday,107.14,106.19,8,August,2013,0,0.0,0.0,0.0,143.1891164828679,318.0,19,11.49,0.04,17.16,23.58,11.53,0,0,13.274285714285714
2013-08-20,338.0,Tuesday,0,,Non-holiday,104.9,106.78,8,August,2013,0,0.0,0.0,0.0,143.1891164828679,318.0,20,12.1,0.3,17.84,25.48,11.86,0,0,12.729999999999999
2013-08-21,330.0,Wednesday,0,,Non-holiday,103.93,106.89,8,August,2013,0,0.0,0.0,0.0,143.1891164828679,318.0,21,12.52,0.03,17.51,24.99,11.87,0,0,12.678571428571429
2013-08-22,358.0,Thursday,0,,Non-holiday,104.93,107.43,8,August,2013,0,0.0,0.0,0.0,143.1891164828679,318.0,22,15.62,0.06,17.8,25.49,11.71,1,0,13.072857142857142
2013-08-23,347.0,Friday,0,,Non-holiday,106.48,107.58,8,August,2013,0,0.0,0.0,0.0,143.1891164828679,318.0,23,16.4,1.17,17.29,24.7,12.02,1,0,13.198571428571428
2013-08-24,644.0,Saturday,1,Local,Local,106.48,107.58,8,August,2013,0,0.0,0.0,0.0,143.1891164828679,318.0,24,14.65,2.45,16.7,21.56,13.09,0,0,13.504285714285714
2013-08-25,813.0,Sunday,0,,Non-holiday,106.48,107.58,8,August,2013,0,0.0,0.0,0.0,143.1891164828679,318.0,25,14.89,1.07,17.06,23.34,12.75,0,0,13.952857142857143
2013-08-26,636.0,Monday,0,,Non-holiday,105.88,107.14,8,August,2013,0,0.0,0.0,0.0,143.1891164828679,318.0,26,11.7,0.68,16.95,23.35,13.0,0,0,13.982857142857142
2013-08-27,386.0,Tuesday,0,,Non-holiday,109.11,104.9,8,August,2013,0,0.0,0.0,0.0,143.1891164828679,318.0,27,17.95,0.1,17.52,25.19,12.12,1,0,14.81857142857143
2013-08-28,613.0,Wednesday,0,,Non-holiday,110.17,103.93,8,August,2013,0,0.0,0.0,0.0,143.1891164828679,318.0,28,16.37,0.56,17.76,25.41,12.24,1,0,15.368571428571428
2013-08-29,432.0,Thursday,0,,Non-holiday,108.51,104.93,8,August,2013,0,0.0,0.0,0.0,143.1891164828679,318.0,29,21.8,0.07,17.52,26.03,11.65,1,0,16.251428571428573
2013-08-30,410.0,Friday,0,,Non-holiday,107.98,106.48,8,August,2013,0,0.0,0.0,0.0,143.1891164828679,318.0,30,21.24,0.08,17.43,25.86,10.55,1,0,16.942857142857143
2013-08-31,493.0,Saturday,0,,Non-holiday,107.98,106.48,8,August,2013,0,0.0,0.0,0.0,143.1891164828679,318.0,31,13.43,0.21,17.46,25.02,11.66,0,0,16.768571428571427
2013-09-01,711.0,Sunday,0,,Non-holiday,107.98,106.48,9,September,2013,0,0.0,0.0,0.0,144.0022598396558,318.0,1,12.43,0.12,17.62,25.27,12.19,0,0,16.417142857142856
2013-09-02,583.0,Monday,0,,Non-holiday,107.98,105.88,9,September,2013,0,0.0,0.0,0.0,144.0022598396558,318.0,2,18.58,0.0,17.02,24.6,10.88,1,0,17.4
2013-09-03,345.0,Tuesday,0,,Non-holiday,108.67,109.11,9,September,2013,0,0.0,0.0,0.0,144.0022598396558,318.0,3,18.19,1.46,17.2,24.67,12.11,1,0,17.434285714285714
2013-09-04,670.0,Wednesday,0,,Non-holiday,107.29,110.17,9,September,2013,0,0.0,0.0,0.0,144.0022598396558,318.0,4,18.24,0.56,17.66,24.86,12.53,1,0,17.701428571428572
2013-09-05,331.0,Thursday,0,,Non-holiday,108.5,108.51,9,September,2013,0,0.0,0.0,0.0,144.0022598396558,318.0,5,14.96,0.05,17.9,25.3,13.32,0,0,16.724285714285713
2013-09-06,415.0,Friday,0,,Non-holiday,110.62,107.98,9,September,2013,0,0.0,0.0,0.0,144.0022598396558,318.0,6,11.32,0.05,17.65,25.52,12.28,0,0,15.307142857142859
2013-09-07,791.0,Saturday,0,,Non-holiday,110.62,107.98,9,September,2013,0,0.0,0.0,0.0,144.0022598396558,318.0,7,13.16,0.23,17.32,24.84,11.98,0,0,15.268571428571429
2013-09-08,786.0,Sunday,0,,Non-holiday,110.62,107.98,9,September,2013,0,0.0,0.0,0.0,144.0022598396558,318.0,8,13.02,0.35,17.65,24.55,12.7,0,0,15.352857142857143
2013-09-09,541.0,Monday,0,,Non-holiday,109.62,107.98,9,September,2013,0,0.0,0.0,0.0,144.0022598396558,318.0,9,13.37,0.62,17.71,25.36,11.99,0,0,14.608571428571429
2013-09-10,342.0,Tuesday,0,,Non-holiday,107.48,108.67,9,September,2013,0,0.0,0.0,0.0,144.0022598396558,318.0,10,13.64,0.08,17.36,24.21,13.05,0,0,13.958571428571428
2013-09-11,435.0,Wednesday,0,,Non-holiday,107.65,107.29,9,September,2013,0,0.0,0.0,0.0,144.0022598396558,318.0,11,16.06,0.53,17.24,24.69,12.45,1,0,13.647142857142857
2013-09-12,621.0,Thursday,0,,Non-holiday,108.72,108.5,9,September,2013,0,0.0,0.0,0.0,144.0022598396558,318.0,12,14.64,0.39,17.14,23.46,13.13,0,0,13.601428571428572
2013-09-13,323.0,Friday,0,,Non-holiday,108.31,110.62,9,September,2013,0,0.0,0.0,0.0,144.0022598396558,318.0,13,19.86,0.93,17.87,24.75,12.97,1,0,14.821428571428571
2013-09-14,632.0,Saturday,0,,Non-holiday,108.31,110.62,9,September,2013,0,0.0,0.0,0.0,144.0022598396558,318.0,14,14.93,0.37,18.28,24.89,13.56,0,0,15.074285714285713
2013-09-15,710.0,Sunday,0,,Non-holiday,108.31,110.62,9,September,2013,0,0.0,0.0,0.0,144.0022598396558,318.0,15,13.71,0.45,18.37,24.6,14.34,0,0,15.172857142857143
2013-09-16,524.0,Monday,0,,Non-holiday,106.54,109.62,9,September,2013,0,0.0,0.0,0.0,144.0022598396558,318.0,16,15.24,0.13,18.49,26.11,13.57,1,0,15.44
2013-09-17,314.0,Tuesday,0,,Non-holiday,105.36,107.48,9,September,2013,0,0.0,0.0,0.0,144.0022598396558,318.0,17,12.2,1.46,17.53,24.38,11.92,0,0,15.234285714285715
2013-09-18,414.0,Wednesday,0,,Non-holiday,108.23,107.65,9,September,2013,0,0.0,0.0,0.0,144.0022598396558,318.0,18,14.24,0.47,18.05,25.79,12.34,0,0,14.974285714285715
2013-09-19,372.0,Thursday,0,,Non-holiday,106.26,108.72,9,September,2013,0,0.0,0.0,0.0,144.0022598396558,318.0,19,11.36,0.51,17.58,23.93,12.82,0,0,14.505714285714287
2013-09-20,346.0,Friday,0,,Non-holiday,104.7,108.31,9,September,2013,0,0.0,0.0,0.0,144.0022598396558,318.0,20,17.03,0.04,18.44,26.54,12.37,1,0,14.101428571428572
2013-09-21,726.0,Saturday,0,,Non-holiday,104.7,108.31,9,September,2013,0,0.0,0.0,0.0,144.0022598396558,318.0,21,23.33,0.0,18.49,26.96,11.73,1,0,15.301428571428572
2013-09-22,866.0,Sunday,0,,Non-holiday,104.7,108.31,9,September,2013,0,0.0,0.0,0.0,144.0022598396558,318.0,22,23.17,0.08,18.62,27.1,11.89,1,0,16.652857142857144
2013-09-23,516.0,Monday,0,,Non-holiday,103.62,106.54,9,September,2013,0,0.0,0.0,0.0,144.0022598396558,318.0,23,17.55,0.37,18.52,26.15,13.02,1,0,16.982857142857142
2013-09-24,306.0,Tuesday,0,,Non-holiday,103.22,105.36,9,September,2013,0,0.0,0.0,0.0,144.0022598396558,318.0,24,14.01,0.31,18.57,27.11,12.82,0,0,17.24142857142857
2013-09-25,486.0,Wednesday,0,,Non-holiday,102.68,108.23,9,September,2013,0,0.0,0.0,0.0,144.0022598396558,318.0,25,18.31,0.3,18.24,26.55,12.12,1,0,17.822857142857142
2013-09-26,428.0,Thursday,0,,Non-holiday,103.1,106.26,9,September,2013,0,0.0,0.0,0.0,144.0022598396558,318.0,26,17.55,0.54,18.72,27.05,13.15,1,0,18.707142857142856
2013-09-27,370.0,Friday,0,,Non-holiday,102.86,104.7,9,September,2013,0,0.0,0.0,0.0,144.0022598396558,318.0,27,15.19,0.25,18.03,26.19,11.54,1,0,18.444285714285712
2013-09-28,609.0,Saturday,1,Local,Local,102.86,104.7,9,September,2013,0,0.0,0.0,0.0,144.0022598396558,318.0,28,14.37,1.36,17.75,24.0,13.83,0,0,17.164285714285715
2013-09-29,764.0,Sunday,0,,Non-holiday,102.86,104.7,9,September,2013,0,0.0,0.0,0.0,144.0022598396558,318.0,29,13.47,5.12,17.26,22.53,14.16,0,1,15.778571428571428
2013-09-30,416.0,Monday,0,,Non-holiday,102.36,103.62,9,September,2013,0,0.0,0.0,0.0,144.0022598396558,318.0,30,13.1,3.83,16.86,21.67,13.98,0,0,15.142857142857142
2013-10-01,336.0,Tuesday,0,,Non-holiday,102.09,103.22,10,October,2013,0,0.0,0.0,0.0,144.5901809222066,318.0,1,21.99,0.28,17.7,24.68,12.57,1,0,16.282857142857143
2013-10-02,407.0,Wednesday,0,,Non-holiday,104.15,102.68,10,October,2013,0,0.0,0.0,0.0,144.5901809222066,318.0,2,15.66,0.15,18.09,24.74,14.24,1,0,15.904285714285711
2013-10-03,303.0,Thursday,0,,Non-holiday,103.29,103.1,10,October,2013,0,0.0,0.0,0.0,144.5901809222066,318.0,3,13.13,5.81,17.72,24.45,14.01,0,1,15.272857142857143
2013-10-04,550.0,Friday,0,,Non-holiday,103.83,102.86,10,October,2013,0,0.0,0.0,0.0,144.5901809222066,318.0,4,12.85,0.15,17.86,24.98,13.12,0,0,14.938571428571427
2013-10-05,678.0,Saturday,0,,Non-holiday,103.83,102.86,10,October,2013,0,0.0,0.0,0.0,144.5901809222066,318.0,5,15.66,0.1,18.12,26.24,12.87,1,0,15.122857142857141
2013-10-06,719.0,Sunday,0,,Non-holiday,103.83,102.86,10,October,2013,0,0.0,0.0,0.0,144.5901809222066,318.0,6,13.37,0.06,18.27,25.73,12.68,0,0,15.108571428571427
2013-10-07,515.0,Monday,1,Local,Local,103.07,102.36,10,October,2013,0,0.0,1.0,0.0,144.5901809222066,318.0,7,18.77,1.06,18.73,27.4,12.14,1,0,15.918571428571429
2013-10-08,346.0,Tuesday,0,,Non-holiday,103.54,102.09,10,October,2013,0,1.0,0.0,0.0,144.5901809222066,318.0,8,18.46,0.23,18.5,26.71,12.61,1,0,15.414285714285715
2013-10-09,601.0,Wednesday,1,National,National,101.63,104.15,10,October,2013,1,0.0,1.0,0.0,144.5901809222066,318.0,9,16.76,0.24,17.76,25.46,11.74,1,0,15.571428571428573
2013-10-10,277.0,Thursday,0,,Non-holiday,103.08,103.29,10,October,2013,0,1.0,0.0,1.0,144.5901809222066,318.0,10,13.75,2.96,17.42,23.7,12.7,0,0,15.66
2013-10-11,221.0,Friday,1,National,National,102.17,103.83,10,October,2013,1,0.0,0.0,0.0,144.5901809222066,318.0,11,17.28,1.21,17.87,24.59,14.14,1,0,16.292857142857144
2013-10-12,558.0,Saturday,0,,Non-holiday,102.17,103.83,10,October,2013,0,0.0,0.0,1.0,144.5901809222066,318.0,12,10.37,4.07,17.63,24.08,14.08,0,0,15.537142857142857
2013-10-13,485.0,Sunday,0,,Non-holiday,102.17,103.83,10,October,2013,0,0.0,0.0,0.0,144.5901809222066,318.0,13,11.75,11.9,17.11,22.32,13.77,0,1,15.305714285714286
2013-10-14,276.0,Monday,0,,Non-holiday,102.46,103.07,10,October,2013,0,0.0,0.0,0.0,144.5901809222066,318.0,14,10.33,8.86,16.5,20.64,13.9,0,1,14.100000000000003
2013-10-15,345.0,Tuesday,0,,Non-holiday,101.15,103.54,10,October,2013,0,0.0,0.0,0.0,144.5901809222066,318.0,15,10.66,2.53,17.6,23.51,13.63,0,0,12.985714285714286
2013-10-16,396.0,Wednesday,0,,Non-holiday,102.34,101.63,10,October,2013,0,0.0,0.0,0.0,144.5901809222066,318.0,16,9.64,10.18,17.04,22.85,13.53,0,1,11.968571428571428
2013-10-17,329.0,Thursday,0,,Non-holiday,100.72,103.08,10,October,2013,0,0.0,0.0,0.0,144.5901809222066,318.0,17,16.91,2.28,17.31,21.8,14.09,1,0,12.42
2013-10-18,427.0,Friday,0,,Non-holiday,100.87,102.17,10,October,2013,0,0.0,0.0,0.0,144.5901809222066,318.0,18,18.4,1.79,17.43,23.6,13.83,1,0,12.58
2013-10-19,737.0,Saturday,0,,Non-holiday,100.87,102.17,10,October,2013,0,0.0,0.0,0.0,144.5901809222066,318.0,19,20.66,0.15,17.74,25.87,11.47,1,0,14.05
2013-10-20,904.0,Sunday,0,,Non-holiday,100.87,102.17,10,October,2013,0,0.0,0.0,0.0,144.5901809222066,318.0,20,16.84,0.49,17.59,24.92,12.67,1,0,14.777142857142858
2013-10-21,394.0,Monday,0,,Non-holiday,99.28,102.46,10,October,2013,0,0.0,0.0,0.0,144.5901809222066,318.0,21,15.33,2.21,17.06,23.25,13.83,1,0,15.491428571428571
2013-10-22,351.0,Tuesday,0,,Non-holiday,97.63,101.15,10,October,2013,0,0.0,0.0,0.0,144.5901809222066,318.0,22,12.59,5.41,16.92,20.62,14.22,0,1,15.767142857142856
2013-10-23,310.0,Wednesday,0,,Non-holiday,96.9,102.34,10,October,2013,0,0.0,0.0,0.0,144.5901809222066,318.0,23,12.66,5.68,17.69,24.22,13.74,0,1,16.19857142857143
2013-10-24,384.0,Thursday,0,,Non-holiday,96.65,100.72,10,October,2013,0,0.0,0.0,0.0,144.5901809222066,318.0,24,16.8,0.84,18.09,26.21,12.44,1,0,16.18285714285714
2013-10-25,297.0,Friday,0,,Non-holiday,97.4,100.87,10,October,2013,0,0.0,0.0,0.0,144.5901809222066,318.0,25,15.7,3.27,18.08,24.94,13.38,1,0,15.797142857142857
2013-10-26,531.0,Saturday,0,,Non-holiday,97.4,100.87,10,October,2013,0,0.0,0.0,0.0,144.5901809222066,318.0,26,14.62,1.87,17.8,25.49,12.15,0,0,14.934285714285712
2013-10-27,801.0,Sunday,0,,Non-holiday,97.4,100.87,10,October,2013,0,0.0,0.0,0.0,144.5901809222066,318.0,27,11.71,4.41,17.6,24.25,13.8,0,0,14.20142857142857
2013-10-28,297.0,Monday,0,,Non-holiday,98.74,99.28,10,October,2013,0,0.0,0.0,0.0,144.5901809222066,318.0,28,13.91,0.98,17.77,24.38,13.48,0,0,13.998571428571427
2013-10-29,352.0,Tuesday,0,,Non-holiday,98.29,97.63,10,October,2013,0,0.0,0.0,0.0,144.5901809222066,318.0,29,11.66,2.8,17.65,23.33,14.57,0,0,13.865714285714287
2013-10-30,497.0,Wednesday,0,,Non-holiday,96.81,96.9,10,October,2013,0,0.0,0.0,0.0,144.5901809222066,318.0,30,12.55,6.2,17.32,22.61,14.37,0,1,13.85
2013-10-31,224.0,Thursday,0,,Non-holiday,96.29,96.65,10,October,2013,0,0.0,1.0,0.0,144.5901809222066,318.0,31,17.05,3.24,17.1,22.5,13.73,1,0,13.885714285714286
2013-11-01,375.0,Friday,0,,Non-holiday,94.56,97.4,11,November,2013,0,1.0,1.0,0.0,145.1601389700131,318.0,1,20.66,0.33,17.0,22.25,13.23,1,0,14.594285714285714
2013-11-02,549.0,Saturday,1,National,National,94.56,97.4,11,November,2013,1,1.0,0.0,0.0,145.1601389700131,318.0,2,19.0,0.0,16.72,22.22,12.15,1,0,15.22
2013-11-03,860.0,Sunday,1,National,National,94.56,97.4,11,November,2013,1,0.0,0.0,1.0,145.1601389700131,318.0,3,22.21,0.15,16.82,22.27,12.34,1,0,16.720000000000002
2013-11-04,406.0,Monday,0,,Non-holiday,94.58,98.74,11,November,2013,0,0.0,0.0,1.0,145.1601389700131,318.0,4,14.65,0.17,17.01,22.24,13.8,0,0,16.825714285714287
2013-11-05,475.0,Tuesday,0,,Non-holiday,93.4,98.29,11,November,2013,0,0.0,0.0,0.0,145.1601389700131,318.0,5,14.63,0.94,17.11,22.94,13.59,0,0,17.250000000000004
2013-11-06,295.0,Wednesday,1,Regional,Regional,94.74,96.81,11,November,2013,0,0.0,0.0,0.0,145.1601389700131,318.0,6,18.37,1.5,16.92,21.47,14.09,1,0,18.08142857142857
2013-11-07,389.0,Thursday,1,Regional,Regional,94.25,96.29,11,November,2013,0,0.0,0.0,0.0,145.1601389700131,318.0,7,20.14,0.33,16.54,20.86,13.58,1,0,18.52285714285714
2013-11-08,379.0,Friday,0,,Non-holiday,94.56,94.56,11,November,2013,0,0.0,0.0,0.0,145.1601389700131,318.0,8,19.81,1.6,16.65,23.01,12.47,1,0,18.40142857142857
2013-11-09,644.0,Saturday,0,,Non-holiday,94.56,94.56,11,November,2013,0,0.0,0.0,0.0,145.1601389700131,318.0,9,17.39,2.13,16.89,23.14,13.17,1,0,18.17142857142857
2013-11-10,695.0,Sunday,1,Local,Local,94.56,94.56,11,November,2013,0,0.0,0.0,0.0,145.1601389700131,318.0,10,20.01,0.38,17.44,24.04,13.24,1,0,17.857142857142858
2013-11-11,612.0,Monday,1,Local,Local,95.13,94.58,11,November,2013,0,0.0,0.0,0.0,145.1601389700131,318.0,11,15.9,0.23,17.8,25.18,13.43,1,0,18.03571428571429
2013-11-12,314.0,Tuesday,1,Local,Local,93.12,93.4,11,November,2013,0,0.0,0.0,0.0,145.1601389700131,318.0,12,15.65,0.28,18.04,25.6,12.36,1,0,18.181428571428572
2013-11-13,343.0,Wednesday,0,,Non-holiday,93.91,94.74,11,November,2013,0,0.0,0.0,0.0,145.1601389700131,318.0,13,13.33,0.86,17.73,24.06,13.35,0,0,17.461428571428574
2013-11-14,295.0,Thursday,0,,Non-holiday,93.76,94.25,11,November,2013,0,0.0,0.0,0.0,145.1601389700131,318.0,14,12.43,1.93,17.56,23.72,13.67,0,0,16.360000000000003
2013-11-15,400.0,Friday,0,,Non-holiday,93.8,94.56,11,November,2013,0,0.0,0.0,0.0,145.1601389700131,318.0,15,15.06,0.78,17.56,23.49,13.85,0,0,15.681428571428572
2013-11-16,683.0,Saturday,0,,Non-holiday,93.8,94.56,11,November,2013,0,0.0,0.0,0.0,145.1601389700131,318.0,16,15.26,0.17,17.56,24.1,13.53,1,0,15.377142857142857
2013-11-17,921.0,Sunday,0,,Non-holiday,93.8,94.56,11,November,2013,0,0.0,0.0,0.0,145.1601389700131,318.0,17,15.86,3.34,17.67,23.98,13.5,1,0,14.784285714285714
2013-11-18,447.0,Monday,0,,Non-holiday,93.03,95.13,11,November,2013,0,0.0,0.0,0.0,145.1601389700131,318.0,18,14.28,3.85,17.36,22.61,13.9,0,0,14.55285714285714
2013-11-19,401.0,Tuesday,0,,Non-holiday,93.35,93.12,11,November,2013,0,0.0,0.0,0.0,145.1601389700131,318.0,19,16.96,2.53,17.39,23.11,13.1,1,0,14.74
2013-11-20,481.0,Wednesday,0,,Non-holiday,93.34,93.91,11,November,2013,0,0.0,0.0,0.0,145.1601389700131,318.0,20,13.96,2.4,16.65,19.47,14.51,0,0,14.83
2013-11-21,199.0,Thursday,0,,Non-holiday,95.35,93.76,11,November,2013,0,0.0,0.0,0.0,145.1601389700131,318.0,21,14.48,2.38,17.1,22.34,13.69,0,0,15.122857142857143
2013-11-22,419.0,Friday,0,,Non-holiday,94.53,93.8,11,November,2013,0,0.0,0.0,0.0,145.1601389700131,318.0,22,11.0,1.01,16.98,21.68,14.13,0,0,14.542857142857143
2013-11-23,519.0,Saturday,0,,Non-holiday,94.53,93.8,11,November,2013,0,0.0,0.0,0.0,145.1601389700131,318.0,23,13.49,5.27,16.83,22.25,13.28,0,1,14.290000000000001
2013-11-24,702.0,Sunday,0,,Non-holiday,94.53,93.8,11,November,2013,0,0.0,0.0,0.0,145.1601389700131,318.0,24,12.7,4.27,16.73,21.55,13.25,0,0,13.838571428571429
2013-11-25,282.0,Monday,0,,Non-holiday,93.86,93.03,11,November,2013,0,0.0,0.0,0.0,145.1601389700131,318.0,25,15.82,1.64,16.79,21.69,13.48,1,0,14.05857142857143
2013-11-26,274.0,Tuesday,0,,Non-holiday,93.41,93.35,11,November,2013,0,0.0,0.0,0.0,145.1601389700131,318.0,26,16.27,2.9,16.96,22.38,13.26,1,0,13.959999999999999
2013-11-27,474.0,Wednesday,0,,Non-holiday,92.05,93.34,11,November,2013,0,0.0,0.0,0.0,145.1601389700131,318.0,27,19.91,1.88,16.96,23.13,13.35,1,0,14.81
2013-11-28,258.0,Thursday,0,,Non-holiday,92.05,95.35,11,November,2013,0,0.0,0.0,0.0,145.1601389700131,318.0,28,18.43,1.94,16.75,23.11,11.91,1,0,15.374285714285715
2013-11-29,363.0,Friday,0,,Non-holiday,92.55,94.53,11,November,2013,0,0.0,0.0,0.0,145.1601389700131,318.0,29,13.15,0.95,17.24,24.1,12.55,0,0,15.68142857142857
2013-11-30,726.0,Saturday,0,,Non-holiday,92.55,94.53,11,November,2013,0,0.0,0.0,0.0,145.1601389700131,318.0,30,19.77,1.16,16.83,21.58,12.97,1,0,16.57857142857143
2013-12-01,736.0,Sunday,0,,Non-holiday,92.55,94.53,12,December,2013,0,0.0,0.0,0.0,145.4555349685054,318.0,1,22.09,0.35,17.06,22.48,13.59,1,0,17.919999999999998
2013-12-02,421.0,Monday,0,,Non-holiday,93.61,93.86,12,December,2013,0,0.0,0.0,0.0,145.4555349685054,318.0,2,18.72,9.43,16.8,23.23,12.5,1,1,18.334285714285716
2013-12-03,493.0,Tuesday,0,,Non-holiday,95.83,93.41,12,December,2013,0,0.0,0.0,0.0,145.4555349685054,318.0,3,12.44,4.08,16.93,23.38,13.0,0,0,17.787142857142857
2013-12-04,454.0,Wednesday,0,,Non-holiday,96.97,92.05,12,December,2013,0,0.0,0.0,0.0,145.4555349685054,318.0,4,13.15,0.77,16.75,21.99,13.23,0,0,16.821428571428573
2013-12-05,265.0,Thursday,1,Local,Local,97.14,92.05,12,December,2013,0,0.0,0.0,0.0,145.4555349685054,318.0,5,12.9,1.63,17.12,23.01,13.63,0,0,16.03142857142857
2013-12-06,388.0,Friday,1,Local,Local,97.48,92.55,12,December,2013,0,0.0,0.0,0.0,145.4555349685054,318.0,6,15.15,4.22,17.17,23.5,12.02,1,0,16.31714285714286
2013-12-07,504.0,Saturday,0,,Non-holiday,97.48,92.55,12,December,2013,0,0.0,0.0,0.0,145.4555349685054,318.0,7,13.04,6.68,16.23,21.02,12.61,0,1,15.355714285714285
2013-12-08,477.0,Sunday,1,Local,Local,97.48,92.55,12,December,2013,0,0.0,0.0,0.0,145.4555349685054,318.0,8,11.71,7.39,16.61,21.19,13.79,0,1,13.872857142857143
2013-12-09,378.0,Monday,0,,Non-holiday,97.1,93.61,12,December,2013,0,0.0,0.0,0.0,145.4555349685054,318.0,9,8.46,6.12,16.33,20.64,13.57,0,1,12.407142857142858
2013-12-10,330.0,Tuesday,0,,Non-holiday,98.32,95.83,12,December,2013,0,0.0,0.0,0.0,145.4555349685054,318.0,10,12.04,0.28,17.36,23.28,12.78,0,0,12.35
2013-12-11,508.0,Wednesday,0,,Non-holiday,97.25,96.97,12,December,2013,0,0.0,0.0,0.0,145.4555349685054,318.0,11,15.95,1.24,17.49,23.78,12.28,1,0,12.75
2013-12-12,502.0,Thursday,0,,Non-holiday,97.21,97.14,12,December,2013,0,0.0,0.0,0.0,145.4555349685054,318.0,12,16.06,0.12,17.27,23.27,12.85,1,0,13.20142857142857
2013-12-13,367.0,Friday,0,,Non-holiday,96.27,97.48,12,December,2013,0,0.0,0.0,0.0,145.4555349685054,318.0,13,15.64,0.21,17.65,23.81,13.3,1,0,13.271428571428572
2013-12-14,547.0,Saturday,0,,Non-holiday,96.27,97.48,12,December,2013,0,0.0,0.0,0.0,145.4555349685054,318.0,14,14.78,0.32,17.76,25.2,13.36,0,0,13.52
2013-12-15,621.0,Sunday,0,,Non-holiday,96.27,97.48,12,December,2013,0,0.0,0.0,0.0,145.4555349685054,318.0,15,14.69,0.37,17.82,24.69,12.75,0,0,13.945714285714287
2013-12-16,322.0,Monday,0,,Non-holiday,97.18,97.1,12,December,2013,0,0.0,0.0,0.0,145.4555349685054,318.0,16,12.24,0.17,17.22,22.66,13.44,0,0,14.485714285714284
2013-12-17,496.0,Tuesday,0,,Non-holiday,96.99,98.32,12,December,2013,0,0.0,0.0,0.0,145.4555349685054,318.0,17,12.14,4.14,16.59,21.73,12.92,0,0,14.5
2013-12-18,532.0,Wednesday,0,,Non-holiday,97.59,97.25,12,December,2013,0,0.0,0.0,0.0,145.4555349685054,318.0,18,14.1,2.29,16.88,21.01,13.95,0,0,14.235714285714286
2013-12-19,455.0,Thursday,0,,Non-holiday,98.4,97.21,12,December,2013,0,0.0,1.0,0.0,145.4555349685054,318.0,19,13.34,4.82,17.15,21.82,14.11,0,0,13.847142857142856
2013-12-20,441.0,Friday,0,,Non-holiday,99.11,96.27,12,December,2013,0,1.0,1.0,0.0,145.4555349685054,318.0,20,12.46,1.49,17.27,22.49,14.09,0,0,13.392857142857142
2013-12-21,630.0,Saturday,1,National,National,99.11,96.27,12,December,2013,1,1.0,0.0,0.0,145.4555349685054,318.0,21,16.29,0.8,17.3,22.79,13.73,1,0,13.608571428571427
2013-12-22,985.0,Sunday,1,National,National,99.11,96.27,12,December,2013,1,0.0,1.0,1.0,145.4555349685054,318.0,22,18.27,0.51,17.28,22.31,13.78,1,0,14.120000000000001
2013-12-23,523.0,Monday,1,National,National,98.62,96.99,12,December,2013,1,1.0,1.0,0.0,145.4555349685054,318.0,23,18.86,0.91,17.44,23.01,14.25,1,0,15.065714285714288
2013-12-24,365.0,Tuesday,1,National,National,98.87,97.59,12,December,2013,1,1.0,1.0,1.0,145.4555349685054,318.0,24,19.23,0.79,16.96,21.91,13.75,1,0,16.07857142857143
2013-12-25,0.0,Wednesday,1,National,National,98.87,98.4,12,December,2013,1,1.0,0.0,1.0,145.4555349685054,318.0,25,16.2,4.28,16.92,22.45,12.53,1,0,16.378571428571426
2013-12-26,418.0,Thursday,1,National,National,99.18,99.11,12,December,2013,1,0.0,0.0,1.0,145.4555349685054,318.0,26,15.68,4.22,16.98,21.67,13.71,1,0,16.712857142857143
2013-12-27,419.0,Friday,0,,Non-holiday,99.94,99.11,12,December,2013,0,0.0,0.0,1.0,145.4555349685054,318.0,27,13.28,0.93,18.44,25.36,13.53,0,0,16.83
2013-12-28,499.0,Saturday,0,,Non-holiday,99.94,99.11,12,December,2013,0,0.0,0.0,0.0,145.4555349685054,318.0,28,14.9,0.21,18.85,27.11,13.19,0,0,16.63142857142857
2013-12-29,552.0,Sunday,0,,Non-holiday,99.94,99.11,12,December,2013,0,0.0,1.0,0.0,145.4555349685054,318.0,29,12.5,2.19,18.31,24.48,13.6,0,0,15.807142857142859
2013-12-30,595.0,Monday,0,,Non-holiday,98.9,98.62,12,December,2013,0,1.0,1.0,0.0,145.4555349685054,318.0,30,12.3,0.37,17.38,22.79,13.69,0,0,14.87
2013-12-31,436.0,Tuesday,1,National,National,98.17,98.87,12,December,2013,1,1.0,0.0,0.0,145.4555349685054,318.0,31,17.36,4.43,17.73,24.53,13.7,1,0,14.602857142857143
2014-01-01,0.0,Wednesday,1,National,National,98.17,98.87,1,January,2014,1,0.0,0.0,1.0,146.5053015596701,340.0,1,14.61,1.43,17.79,23.48,14.41,0,0,14.375714285714285
2014-01-02,589.0,Thursday,0,,Non-holiday,95.14,99.18,1,January,2014,0,0.0,0.0,1.0,146.5053015596701,340.0,2,15.48,0.94,17.52,23.65,12.83,1,0,14.347142857142856
2014-01-03,474.0,Friday,0,,Non-holiday,93.66,99.94,1,January,2014,0,0.0,0.0,0.0,146.5053015596701,340.0,3,12.48,0.59,17.61,23.19,13.24,0,0,14.232857142857144
2014-01-04,767.0,Saturday,0,,Non-holiday,93.66,99.94,1,January,2014,0,0.0,0.0,0.0,146.5053015596701,340.0,4,11.77,1.62,18.01,23.11,13.3,0,0,13.785714285714286
2014-01-05,1203.0,Sunday,0,,Non-holiday,93.66,99.94,1,January,2014,0,0.0,0.0,0.0,146.5053015596701,340.0,5,9.39,2.97,17.78,23.47,13.7,0,0,13.34142857142857
2014-01-06,399.0,Monday,0,,Non-holiday,93.12,98.9,1,January,2014,0,0.0,0.0,0.0,146.5053015596701,340.0,6,10.46,26.06,16.79,19.64,14.87,0,1,13.078571428571431
2014-01-07,498.0,Tuesday,0,,Non-holiday,93.31,98.17,1,January,2014,0,0.0,0.0,0.0,146.5053015596701,340.0,7,11.62,17.53,16.52,20.65,14.3,0,1,12.258571428571429
2014-01-08,561.0,Wednesday,0,,Non-holiday,91.9,98.17,1,January,2014,0,0.0,0.0,0.0,146.5053015596701,340.0,8,12.74,10.01,16.34,19.96,13.78,0,1,11.991428571428571
2014-01-09,239.0,Thursday,0,,Non-holiday,91.36,95.14,1,January,2014,0,0.0,0.0,0.0,146.5053015596701,340.0,9,11.68,5.09,16.93,21.59,14.37,0,1,11.448571428571428
2014-01-10,438.0,Friday,0,,Non-holiday,92.39,93.66,1,January,2014,0,0.0,0.0,0.0,146.5053015596701,340.0,10,11.36,11.03,16.97,21.58,14.61,0,1,11.288571428571428
2014-01-11,619.0,Saturday,0,,Non-holiday,92.39,93.66,1,January,2014,0,0.0,0.0,0.0,146.5053015596701,340.0,11,12.74,5.46,17.09,21.89,13.71,0,1,11.427142857142856
2014-01-12,533.0,Sunday,0,,Non-holiday,92.39,93.66,1,January,2014,0,0.0,0.0,0.0,146.5053015596701,340.0,12,16.27,3.73,17.32,20.92,14.75,1,0,12.41
2014-01-13,443.0,Monday,0,,Non-holiday,91.45,93.12,1,January,2014,0,0.0,0.0,0.0,146.5053015596701,340.0,13,17.08,0.58,17.92,24.54,13.75,1,0,13.355714285714283
2014-01-14,440.0,Tuesday,0,,Non-holiday,92.15,93.31,1,January,2014,0,0.0,0.0,0.0,146.5053015596701,340.0,14,11.6,1.91,17.59,24.45,11.92,0,0,13.352857142857143
2014-01-15,360.0,Wednesday,0,,Non-holiday,93.78,91.9,1,January,2014,0,0.0,0.0,0.0,146.5053015596701,340.0,15,16.03,2.43,17.84,24.27,13.34,1,0,13.822857142857142
2014-01-16,1168.0,Thursday,0,,Non-holiday,93.54,91.36,1,January,2014,0,0.0,0.0,0.0,146.5053015596701,340.0,16,16.47,2.03,17.52,23.48,13.91,1,0,14.507142857142856
2014-01-17,506.0,Friday,0,,Non-holiday,93.96,92.39,1,January,2014,0,0.0,0.0,0.0,146.5053015596701,340.0,17,15.13,0.82,17.44,23.41,13.68,1,0,15.045714285714284
2014-01-18,720.0,Saturday,0,,Non-holiday,93.96,92.39,1,January,2014,0,0.0,0.0,0.0,146.5053015596701,340.0,18,11.95,1.11,17.28,24.02,12.4,0,0,14.932857142857143
2014-01-19,561.0,Sunday,0,,Non-holiday,93.96,92.39,1,January,2014,0,0.0,0.0,0.0,146.5053015596701,340.0,19,11.89,3.81,17.38,21.78,14.77,0,0,14.307142857142855
2014-01-20,391.0,Monday,0,,Non-holiday,93.96,91.45,1,January,2014,0,0.0,0.0,0.0,146.5053015596701,340.0,20,14.8,2.81,17.36,22.32,13.19,0,0,13.98142857142857
2014-01-21,421.0,Tuesday,0,,Non-holiday,94.51,92.15,1,January,2014,0,0.0,0.0,0.0,146.5053015596701,340.0,21,17.15,8.05,17.85,23.04,14.74,1,1,14.774285714285714
2014-01-22,519.0,Wednesday,0,,Non-holiday,96.35,93.78,1,January,2014,0,0.0,0.0,0.0,146.5053015596701,340.0,22,12.9,13.59,17.16,20.33,14.86,0,1,14.327142857142858
2014-01-23,231.0,Thursday,0,,Non-holiday,97.23,93.54,1,January,2014,0,0.0,0.0,0.0,146.5053015596701,340.0,23,18.04,4.73,17.42,22.25,14.63,1,0,14.551428571428572
2014-01-24,263.0,Friday,0,,Non-holiday,96.66,93.96,1,January,2014,0,0.0,0.0,0.0,146.5053015596701,340.0,24,17.49,2.61,16.88,21.71,13.68,1,0,14.888571428571428
2014-01-25,789.0,Saturday,0,,Non-holiday,96.66,93.96,1,January,2014,0,0.0,0.0,0.0,146.5053015596701,340.0,25,16.71,9.29,16.29,18.55,14.57,1,1,15.56857142857143
2014-01-26,698.0,Sunday,0,,Non-holiday,96.66,93.96,1,January,2014,0,0.0,0.0,0.0,146.5053015596701,340.0,26,15.56,5.13,16.35,19.22,14.88,1,1,16.092857142857145
2014-01-27,310.0,Monday,0,,Non-holiday,95.82,93.96,1,January,2014,0,0.0,0.0,0.0,146.5053015596701,340.0,27,13.59,1.32,16.94,20.87,14.27,0,0,15.92
2014-01-28,332.0,Tuesday,0,,Non-holiday,97.49,94.51,1,January,2014,0,0.0,0.0,0.0,146.5053015596701,340.0,28,15.89,0.12,17.36,22.59,14.44,1,0,15.739999999999998
2014-01-29,405.0,Wednesday,0,,Non-holiday,97.34,96.35,1,January,2014,0,0.0,0.0,0.0,146.5053015596701,340.0,29,11.22,4.49,16.87,21.71,14.16,0,0,15.5
2014-01-30,323.0,Thursday,0,,Non-holiday,98.25,97.23,1,January,2014,0,0.0,0.0,0.0,146.5053015596701,340.0,30,11.48,1.95,16.08,19.58,13.67,0,0,14.562857142857142
2014-01-31,456.0,Friday,0,,Non-holiday,97.55,96.66,1,January,2014,0,0.0,0.0,0.0,146.5053015596701,340.0,31,15.5,3.1,17.28,23.23,13.35,1,0,14.278571428571428
2014-02-01,732.0,Saturday,0,,Non-holiday,97.55,96.66,2,February,2014,0,0.0,0.0,0.0,146.66631613752,340.0,1,16.34,0.77,17.61,23.78,14.36,1,0,14.225714285714286
2014-02-02,704.0,Sunday,0,,Non-holiday,97.55,96.66,2,February,2014,0,0.0,0.0,0.0,146.66631613752,340.0,2,17.06,0.55,16.68,20.73,13.58,1,0,14.44
2014-02-03,395.0,Monday,0,,Non-holiday,96.44,95.82,2,February,2014,0,0.0,0.0,0.0,146.66631613752,340.0,3,16.41,3.06,16.4,19.66,14.64,1,0,14.842857142857143
2014-02-04,313.0,Tuesday,0,,Non-holiday,97.24,97.49,2,February,2014,0,0.0,0.0,0.0,146.66631613752,340.0,4,12.93,3.72,16.71,21.54,14.25,0,0,14.42
2014-02-05,463.0,Wednesday,0,,Non-holiday,97.4,97.34,2,February,2014,0,0.0,0.0,0.0,146.66631613752,340.0,5,9.24,4.18,15.93,19.62,13.54,0,0,14.137142857142859
2014-02-06,301.0,Thursday,0,,Non-holiday,97.84,98.25,2,February,2014,0,0.0,0.0,0.0,146.66631613752,340.0,6,17.1,1.02,17.26,22.81,14.03,1,0,14.940000000000001
2014-02-07,289.0,Friday,0,,Non-holiday,99.98,97.55,2,February,2014,0,0.0,0.0,0.0,146.66631613752,340.0,7,13.56,3.11,17.07,21.56,14.07,0,0,14.662857142857144
2014-02-08,678.0,Saturday,0,,Non-holiday,99.98,97.55,2,February,2014,0,0.0,0.0,0.0,146.66631613752,340.0,8,9.63,3.88,17.11,22.63,14.41,0,0,13.704285714285716
2014-02-09,731.0,Sunday,0,,Non-holiday,99.98,97.55,2,February,2014,0,0.0,0.0,0.0,146.66631613752,340.0,9,11.8,9.52,16.64,21.62,13.64,0,1,12.952857142857143
2014-02-10,370.0,Monday,0,,Non-holiday,100.12,96.44,2,February,2014,0,0.0,0.0,0.0,146.66631613752,340.0,10,10.36,1.14,17.74,24.3,13.64,0,0,12.088571428571429
2014-02-11,440.0,Tuesday,0,,Non-holiday,99.96,97.24,2,February,2014,0,0.0,0.0,0.0,146.66631613752,340.0,11,10.74,0.53,17.26,21.72,14.16,0,0,11.775714285714285
2014-02-12,409.0,Wednesday,0,,Non-holiday,100.38,97.4,2,February,2014,0,0.0,0.0,0.0,146.66631613752,340.0,12,14.22,4.07,17.71,23.29,13.66,0,0,12.487142857142857
2014-02-13,310.0,Thursday,0,,Non-holiday,100.27,97.84,2,February,2014,0,0.0,0.0,0.0,146.66631613752,340.0,13,14.42,2.01,16.77,21.15,14.08,0,0,12.104285714285714
2014-02-14,258.0,Friday,0,,Non-holiday,100.31,99.98,2,February,2014,0,0.0,0.0,0.0,146.66631613752,340.0,14,14.54,3.11,17.87,23.75,13.98,0,0,12.244285714285715
2014-02-15,650.0,Saturday,0,,Non-holiday,100.31,99.98,2,February,2014,0,0.0,0.0,0.0,146.66631613752,340.0,15,14.09,7.72,17.95,23.15,14.76,0,1,12.881428571428572
2014-02-16,583.0,Sunday,0,,Non-holiday,100.31,99.98,2,February,2014,0,0.0,0.0,0.0,146.66631613752,340.0,16,15.29,12.63,17.0,20.03,14.8,1,1,13.379999999999999
2014-02-17,506.0,Monday,0,,Non-holiday,100.31,100.12,2,February,2014,0,0.0,0.0,0.0,146.66631613752,340.0,17,14.47,6.44,16.6,19.28,14.78,0,1,13.967142857142857
2014-02-18,506.0,Tuesday,0,,Non-holiday,102.54,99.96,2,February,2014,0,0.0,0.0,0.0,146.66631613752,340.0,18,14.21,8.81,17.0,22.44,13.78,0,1,14.462857142857144
2014-02-19,392.0,Wednesday,0,,Non-holiday,103.46,100.38,2,February,2014,0,0.0,0.0,0.0,146.66631613752,340.0,19,13.13,2.85,16.94,21.16,14.35,0,0,14.307142857142859
2014-02-20,296.0,Thursday,0,,Non-holiday,103.2,100.27,2,February,2014,0,0.0,0.0,0.0,146.66631613752,340.0,20,11.98,2.08,16.84,20.98,14.55,0,0,13.95857142857143
2014-02-21,393.0,Friday,0,,Non-holiday,102.53,100.31,2,February,2014,0,0.0,0.0,0.0,146.66631613752,340.0,21,8.96,2.39,16.64,20.19,14.42,0,0,13.161428571428571
2014-02-22,809.0,Saturday,0,,Non-holiday,102.53,100.31,2,February,2014,0,0.0,0.0,0.0,146.66631613752,340.0,22,11.37,3.49,17.26,23.3,12.83,0,0,12.772857142857143
2014-02-23,714.0,Sunday,0,,Non-holiday,102.53,100.31,2,February,2014,0,0.0,0.0,0.0,146.66631613752,340.0,23,7.97,2.11,17.03,22.48,12.81,0,0,11.727142857142857
2014-02-24,338.0,Monday,0,,Non-holiday,103.17,100.31,2,February,2014,0,0.0,0.0,0.0,146.66631613752,340.0,24,8.18,7.37,17.31,22.7,13.95,0,1,10.828571428571431
2014-02-25,453.0,Tuesday,0,,Non-holiday,102.2,102.54,2,February,2014,0,0.0,0.0,0.0,146.66631613752,340.0,25,9.77,4.64,16.47,19.69,14.45,0,0,10.194285714285714
2014-02-26,388.0,Wednesday,0,,Non-holiday,102.93,103.46,2,February,2014,0,0.0,0.0,0.0,146.66631613752,340.0,26,15.33,1.43,17.36,22.7,13.8,1,0,10.508571428571429
2014-02-27,587.0,Thursday,0,,Non-holiday,102.68,103.2,2,February,2014,0,0.0,0.0,0.0,146.66631613752,340.0,27,8.76,6.58,16.67,21.35,13.75,0,1,10.04857142857143
2014-02-28,346.0,Friday,0,,Non-holiday,102.88,102.53,2,February,2014,0,0.0,0.0,0.0,146.66631613752,340.0,28,14.1,7.8,17.05,21.66,14.38,0,1,10.782857142857141
2014-03-01,714.0,Saturday,0,,Non-holiday,102.88,102.53,3,March,2014,0,0.0,1.0,0.0,147.6875274449981,340.0,1,13.86,16.16,16.69,20.28,14.13,0,1,11.138571428571426
2014-03-02,410.0,Sunday,1,Local,Local,102.88,102.53,3,March,2014,0,1.0,1.0,0.0,147.6875274449981,340.0,2,15.46,15.72,16.86,20.2,14.9,1,1,12.208571428571428
2014-03-03,408.0,Monday,1,National,National,105.34,103.17,3,March,2014,1,1.0,0.0,0.0,147.6875274449981,340.0,3,14.5,6.54,16.46,19.55,14.37,0,1,13.111428571428572
2014-03-04,648.0,Tuesday,1,National,National,103.64,102.2,3,March,2014,1,0.0,0.0,1.0,147.6875274449981,340.0,4,14.28,5.12,16.67,19.9,14.45,0,1,13.755714285714287
2014-03-05,367.0,Wednesday,0,,Non-holiday,101.75,102.93,3,March,2014,0,0.0,0.0,1.0,147.6875274449981,340.0,5,9.67,11.51,16.85,21.62,13.28,0,1,12.94714285714286
2014-03-06,492.0,Thursday,0,,Non-holiday,101.82,102.68,3,March,2014,0,0.0,0.0,0.0,147.6875274449981,340.0,6,11.41,4.01,17.2,21.63,14.81,0,0,13.325714285714286
2014-03-07,410.0,Friday,0,,Non-holiday,102.82,102.88,3,March,2014,0,0.0,0.0,0.0,147.6875274449981,340.0,7,12.32,4.0,16.71,20.58,14.73,0,0,13.071428571428571
2014-03-08,572.0,Saturday,0,,Non-holiday,102.82,102.88,3,March,2014,0,0.0,0.0,0.0,147.6875274449981,340.0,8,12.84,9.21,16.48,20.59,14.2,0,1,12.925714285714287
2014-03-09,731.0,Sunday,0,,Non-holiday,102.82,102.88,3,March,2014,0,0.0,0.0,0.0,147.6875274449981,340.0,9,9.84,5.79,16.18,20.26,13.91,0,1,12.122857142857143
2014-03-10,437.0,Monday,0,,Non-holiday,101.39,105.34,3,March,2014,0,0.0,0.0,0.0,147.6875274449981,340.0,10,13.53,4.03,16.68,21.47,13.31,0,0,11.984285714285715
2014-03-11,509.0,Tuesday,0,,Non-holiday,100.29,103.64,3,March,2014,0,0.0,0.0,0.0,147.6875274449981,340.0,11,12.67,5.95,16.55,19.13,14.75,0,1,11.754285714285714
2014-03-12,317.0,Wednesday,0,,Non-holiday,98.29,101.75,3,March,2014,0,0.0,0.0,0.0,147.6875274449981,340.0,12,12.21,6.65,16.58,20.11,14.5,0,1,12.117142857142856
2014-03-13,254.0,Thursday,0,,Non-holiday,98.57,101.82,3,March,2014,0,0.0,0.0,0.0,147.6875274449981,340.0,13,12.12,0.45,16.83,21.27,14.03,0,0,12.218571428571428
2014-03-14,243.0,Friday,0,,Non-holiday,99.23,102.82,3,March,2014,0,0.0,0.0,0.0,147.6875274449981,340.0,14,10.96,0.0,17.69,23.31,13.8,0,0,12.024285714285714
2014-03-15,535.0,Saturday,0,,Non-holiday,99.23,102.82,3,March,2014,0,0.0,0.0,0.0,147.6875274449981,340.0,15,11.14,0.02,16.45,19.0,14.54,0,0,11.781428571428572
2014-03-16,726.0,Sunday,0,,Non-holiday,99.23,102.82,3,March,2014,0,0.0,0.0,0.0,147.6875274449981,340.0,16,10.81,0.01,17.33,22.01,14.79,0,0,11.92
2014-03-17,285.0,Monday,0,,Non-holiday,98.43,101.39,3,March,2014,0,0.0,0.0,0.0,147.6875274449981,340.0,17,8.0,0.58,17.0,21.2,14.6,0,0,11.129999999999999
2014-03-18,353.0,Tuesday,0,,Non-holiday,100.08,100.29,3,March,2014,0,0.0,0.0,0.0,147.6875274449981,340.0,18,7.48,0.15,17.07,22.3,14.41,0,0,10.388571428571428
2014-03-19,346.0,Wednesday,0,,Non-holiday,100.71,98.29,3,March,2014,0,0.0,0.0,0.0,147.6875274449981,340.0,19,9.87,0.0,18.14,24.1,13.06,0,0,10.054285714285713
2014-03-20,139.0,Thursday,0,,Non-holiday,99.68,98.57,3,March,2014,0,0.0,0.0,0.0,147.6875274449981,340.0,20,9.69,0.0,17.7,23.09,13.94,0,0,9.707142857142857
2014-03-21,456.0,Friday,0,,Non-holiday,99.97,99.23,3,March,2014,0,0.0,0.0,0.0,147.6875274449981,340.0,21,9.64,1.05,16.78,22.14,13.5,0,0,9.51857142857143
2014-03-22,567.0,Saturday,0,,Non-holiday,99.97,99.23,3,March,2014,0,0.0,0.0,0.0,147.6875274449981,340.0,22,10.61,10.4,17.86,23.79,13.76,0,1,9.442857142857145
2014-03-23,603.0,Sunday,0,,Non-holiday,99.97,99.23,3,March,2014,0,0.0,0.0,0.0,147.6875274449981,340.0,23,11.6,1.02,17.93,24.26,14.57,0,0,9.555714285714286
2014-03-24,371.0,Monday,0,,Non-holiday,100.05,98.43,3,March,2014,0,0.0,0.0,0.0,147.6875274449981,340.0,24,12.48,0.1,17.41,22.57,13.74,0,0,10.195714285714287
2014-03-25,392.0,Tuesday,0,,Non-holiday,99.66,100.08,3,March,2014,0,0.0,0.0,0.0,147.6875274449981,340.0,25,12.01,1.41,17.79,23.93,13.47,0,0,10.842857142857142
2014-03-26,432.0,Wednesday,0,,Non-holiday,100.61,100.71,3,March,2014,0,0.0,0.0,0.0,147.6875274449981,340.0,26,12.96,6.34,17.82,23.43,14.77,0,1,11.284285714285716
2014-03-27,328.0,Thursday,0,,Non-holiday,101.25,99.68,3,March,2014,0,0.0,0.0,0.0,147.6875274449981,340.0,27,14.12,0.2,18.17,23.95,14.02,0,0,11.917142857142855
2014-03-28,523.0,Friday,0,,Non-holiday,101.73,99.97,3,March,2014,0,0.0,0.0,0.0,147.6875274449981,340.0,28,18.5,0.0,18.19,23.61,14.21,1,0,13.182857142857143
2014-03-29,647.0,Saturday,0,,Non-holiday,101.73,99.97,3,March,2014,0,0.0,0.0,0.0,147.6875274449981,340.0,29,11.38,0.0,17.93,22.97,14.97,0,0,13.292857142857143
2014-03-30,599.0,Sunday,0,,Non-holiday,101.73,99.97,3,March,2014,0,0.0,0.0,0.0,147.6875274449981,340.0,30,13.21,1.18,17.59,23.02,14.08,0,0,13.522857142857143
2014-03-31,415.0,Monday,0,,Non-holiday,101.57,100.05,3,March,2014,0,0.0,0.0,0.0,147.6875274449981,340.0,31,20.65,0.28,17.84,23.41,14.31,1,0,14.69
